idLU,idLemma,idFrame,frameName,name,annotationset_count,annotation_number
18860,6613,1,Causalidade,resultado,6,0
28482,6613,1,Causalidade,resultado,2,0
19052,6679,1,Causalidade,responsável,4,0
45415,6679,1,Causalidade,responsável,0,0
43514,65355,1,Causalidade,municipal,1,0
43515,65355,1,Causalidade,municipal,1,0
46950,141852,1,Causalidade,porque,0,0
18640,141852,1,Causalidade,porque,43,0
46958,147237,1,Causalidade,portanto,0,0
29127,147237,1,Causalidade,portanto,3,0
43502,196825,1,Causalidade,portas,1,0
43503,196825,1,Causalidade,portas,1,0
26848,116877,3,Movimento,ir,0,0
288,116877,3,Movimento,ir,231,0
29445,29081,11,Movimento_corporal,open,0,0
4101,29081,11,Movimento_corporal,open,1,0
40535,66158,11,Movimento_corporal,piscar,0,0
40731,66158,11,Movimento_corporal,piscar,1,0
40434,117239,11,Movimento_corporal,agachar,6,1
26611,117239,11,Movimento_corporal,agachar,0,0
40358,146467,13,Postura,"de pé",7,0
41139,146467,13,Postura,"de pé",0,0
26573,65995,14,Conhecimento,pensar,0,0
18581,65995,14,Conhecimento,pensar,16,0
22721,117283,15,Tornar-se_consciente,encontrar,11,0
26585,117283,15,Tornar-se_consciente,encontrar,0,0
26589,117303,15,Tornar-se_consciente,observar,0,0
22725,117303,15,Tornar-se_consciente,observar,8,0
22724,120784,15,Tornar-se_consciente,notar,6,0
26588,120784,15,Tornar-se_consciente,notar,0,0
22718,120895,15,Tornar-se_consciente,detectar,10,0
26584,120895,15,Tornar-se_consciente,detectar,0,0
43647,196914,16,Categorização,gastos,1,0
43655,196914,16,Categorização,gastos,1,0
27079,65995,17,Cogitação,pensar,0,0
24553,65995,17,Cogitação,pensar,122,0
29351,121047,20,Evidências,indicar,4,0
29353,121047,20,Evidências,indicar,0,0
19527,62145,21,Expectativa,dever,9,0
39276,62145,21,Expectativa,dever,3,0
27278,117301,21,Expectativa,esperar,0,0
19506,117301,21,Expectativa,esperar,22,0
34291,77847,24,Propriedade_mental,cerebral,1,0
46574,77847,24,Propriedade_mental,cerebral,0,0
19467,15894,25,Escrutínio,buscar,1,0
26986,15894,25,Escrutínio,buscar,0,0
26995,117256,25,Escrutínio,explorar,0,0
19443,117256,25,Escrutínio,explorar,6,0
26993,120829,25,Escrutínio,examinar,0,0
20605,120829,25,Escrutínio,examinar,1,0
27123,121129,27,Comprometimento,jurar,0,0
27714,121129,27,Comprometimento,jurar,12,0
27125,121162,27,Comprometimento,prometer,0,0
24885,121162,27,Comprometimento,prometer,11,0
40268,122081,30,Gesto,acenar,1,1
40267,122081,30,Gesto,acenar,0,0
209,59011,35,Pedir,pedir,169,1
26958,59011,35,Pedir,pedir,0,0
26963,121011,35,Pedir,solicitar,10,0
27332,121011,35,Pedir,solicitar,54,0
349,116928,36,Comunicação_resposta,responder,24,0
27154,116928,36,Comunicação_resposta,responder,0,0
27153,121195,36,Comunicação_resposta,replicar,0,0
26037,121195,36,Comunicação_resposta,replicar,2,0
40629,10648,37,Declaração,recomendação,0,0
39343,10648,37,Declaração,recomendação,3,0
18808,58994,37,Declaração,contar,11,0
20247,58994,37,Declaração,contar,1,0
37392,68338,40,Emoção_direcionada,triste,0,0
23853,68338,40,Emoção_direcionada,triste,15,2
40624,80597,40,Emoção_direcionada,encabulado,0,2
40491,80597,40,Emoção_direcionada,encabulado,2,0
26736,116901,41,Estimular_emoção,irritar,0,0
315,116901,41,Estimular_emoção,irritar,15,0
26729,117265,41,Estimular_emoção,encantar,0,0
3638,117265,41,Estimular_emoção,encantar,10,0
352,116931,42,Emoção_com_foco_no_experienciador,lastimar,1,0
23269,116931,42,Emoção_com_foco_no_experienciador,lastimar,0,0
43187,36238,48,Chegar,vê,1,0
43194,36238,48,Chegar,vê,1,0
26533,116927,48,Chegar,entrar,0,0
18579,116927,48,Chegar,entrar,118,1
47375,117164,50,Cotema,seguir,0,0
27345,117164,50,Cotema,seguir,5,0
38680,116885,51,Partir,partir,1,0
297,116885,51,Partir,partir,118,0
26125,10643,52,Esvaziar,limpeza,7,0
39693,10643,52,Esvaziar,limpeza,0,0
26898,120609,56,Colocar,colocar,0,0
18594,120609,56,Colocar,colocar,93,4
24853,120753,57,Remover,retirar,38,1
26946,120753,57,Remover,retirar,0,0
23402,8954,60,Percepção_ativa,olhar,212,7
23408,8954,60,Percepção_ativa,olhar,10,10
3706,117303,60,Percepção_ativa,observar,68,2
26876,117303,60,Percepção_ativa,observar,0,0
23411,120963,60,Percepção_ativa,palpar,2,0
26882,120963,60,Percepção_ativa,palpar,0,0
40529,15574,63,Fazer_barulho,burburinho,5,0
40445,15574,63,Fazer_barulho,burburinho,14,0
357,8746,64,Experiência_de_percepção,ver,132,2
26891,8746,64,Experiência_de_percepção,ver,2,0
36116,29963,64,Experiência_de_percepção,percepção,0,0
23430,29963,64,Experiência_de_percepção,percepção,1,0
23426,67412,64,Experiência_de_percepção,sentir,33,0
26890,67412,64,Experiência_de_percepção,sentir,0,0
27009,6690,65,Sensação,vista,0,0
27481,6690,65,Sensação,vista,1,0
27005,6731,65,Sensação,sabor,0,0
19155,6731,65,Sensação,sabor,4,0
47672,67606,68,Sociabilidade,solitário,0,0
37904,67606,68,Sociabilidade,solitário,6,0
39459,6610,74,Frequência,vez,4,0
34550,6610,74,Frequência,vez,15,0
19147,6727,74,Frequência,quotidiano,1,0
19149,6727,74,Frequência,quotidiano,0,0
19148,6728,74,Frequência,cotidiano,2,0
19146,6728,74,Frequência,cotidiano,1,0
22871,19725,74,Frequência,diário,9,0
19032,19725,74,Frequência,diário,0,0
36105,62249,74,Frequência,diária,0,0
39409,62249,74,Frequência,diária,14,0
36094,69668,74,Frequência,esporádico,2,0
22894,69668,74,Frequência,esporádico,1,0
37423,141406,74,Frequência,jamais,0,0
32648,141406,74,Frequência,jamais,2,0
28610,6700,75,Tempo_relativo,tarde,9,2
47754,6700,75,Tempo_relativo,tarde,0,0
43575,10997,75,Tempo_relativo,passado,2,0
28016,10997,75,Tempo_relativo,passado,19,1
45579,59991,75,Tempo_relativo,atrasado,0,0
32993,59991,75,Tempo_relativo,atrasado,3,0
47749,69838,75,Tempo_relativo,enquanto,0,0
18892,69838,75,Tempo_relativo,enquanto,7,1
29235,89608,75,Tempo_relativo,seguido,4,0
29236,89608,75,Tempo_relativo,seguido,0,0
19295,73261,77,Careza,gratuito,6,0
27297,73261,77,Careza,gratuito,0,0
27289,73791,77,Careza,barato,0,0
23278,73791,77,Careza,barato,3,0
27290,73794,77,Careza,caro,0,0
23283,73794,77,Careza,caro,6,0
26565,120678,80,Tentar_persuadir,recomendar,0,0
19404,120678,80,Tentar_persuadir,recomendar,10,0
47820,8714,87,Furto,ladrão,0,0
22705,8714,87,Furto,ladrão,1,0
28437,6567,93,Relações_pessoais,namorado,2,0
18708,6567,93,Relações_pessoais,namorado,39,0
23456,8970,93,Relações_pessoais,noivo,1,0
23452,8970,93,Relações_pessoais,noivo,0,0
23463,8977,93,Relações_pessoais,amante,2,0
26031,8977,93,Relações_pessoais,amante,0,0
23467,8979,93,Relações_pessoais,colega,40,0
26047,8979,93,Relações_pessoais,colega,0,0
23475,8984,93,Relações_pessoais,esposo,0,1
23476,8984,93,Relações_pessoais,esposo,44,0
23479,8987,93,Relações_pessoais,viúvo,1,0
23480,8987,93,Relações_pessoais,viúvo,0,0
23466,60974,93,Relações_pessoais,casado,10,0
26039,60974,93,Relações_pessoais,casado,0,0
38637,8577,94,Agregado,classe,2,0
22409,8577,94,Agregado,classe,7,0
22413,8581,94,Agregado,colônia,2,0
43119,8581,94,Agregado,colônia,0,0
39745,2067,95,Parentesco,filho,5,10
3803,2067,95,Parentesco,filho,169,2
39296,62216,97,Aparato,dispositivo,1,0
39311,62216,97,Aparato,dispositivo,6,0
7388,672,101,Cenário_da_educação,professor,20,0
18830,672,101,Cenário_da_educação,professor,6,42
414,116970,101,Cenário_da_educação,aprender,1,0
27217,116970,101,Cenário_da_educação,aprender,0,0
43695,16122,104,Catástrofe,calamidade,2,0
43783,16122,104,Catástrofe,calamidade,1,0
23672,298,107,Posse,falta,6,0
45748,298,107,Posse,falta,0,0
45749,8598,107,Posse,querer,0,0
23681,8598,107,Posse,querer,11,0
45750,9117,107,Posse,obter,0,0
23671,9117,107,Posse,obter,2,0
29307,58994,107,Posse,contar,0,0
3665,58994,107,Posse,contar,10,0
39278,116847,107,Posse,ter,10,0
208,116847,107,Posse,ter,508,2
3681,117140,107,Posse,possuir,23,0
47942,117140,107,Posse,possuir,0,0
27564,34747,117,Tipo,tipo,47,0
39401,34747,117,Tipo,tipo,0,0
27406,37058,123,Vestuário,tecido,12,8
39254,37058,123,Vestuário,tecido,0,0
23028,8811,125,Especialidade,adepto,0,0
23029,8811,125,Especialidade,adepto,2,0
23072,8826,125,Especialidade,mestre,2,0
23069,8826,125,Especialidade,mestre,0,0
48073,64466,125,Especialidade,leigo,0,0
23067,64466,125,Especialidade,leigo,5,0
278,116844,127,Dar,dar,262,0
26769,116844,127,Dar,dar,0,0
39833,748,128,Parte_todo,ponta,0,0
25435,748,128,Parte_todo,ponta,10,0
34803,36713,128,Parte_todo,todo,26,0
45841,36713,128,Parte_todo,todo,0,0
48087,61416,128,Parte_todo,componente,0,0
39742,61416,128,Parte_todo,componente,2,0
35026,69418,128,Parte_todo,"por cento",32,0
43491,69418,128,Parte_todo,"por cento",8,0
33249,142534,129,Certeza,"com certeza",10,0
43680,142534,129,Certeza,"com certeza",2,0
23142,2137,131,Parte_orientacional,sul,0,0
23143,2137,131,Parte_orientacional,sul,5,0
23134,6661,131,Parte_orientacional,norte,0,0
23135,6661,131,Parte_orientacional,norte,2,0
23122,8603,131,Parte_orientacional,leste,1,0
23123,8603,131,Parte_orientacional,leste,0,0
23119,8843,131,Parte_orientacional,inferior,8,0
23120,8843,131,Parte_orientacional,inferior,0,0
23128,8846,131,Parte_orientacional,frente,6,0
23129,8846,131,Parte_orientacional,frente,36,0
48104,8847,131,Parte_orientacional,esquerda,0,0
23132,8847,131,Parte_orientacional,esquerda,59,0
23140,8851,131,Parte_orientacional,direita,49,0
48105,8851,131,Parte_orientacional,direita,0,0
45852,8946,131,Parte_orientacional,direito,0,0
29094,8946,131,Parte_orientacional,direito,131,0
35764,17325,131,Parte_orientacional,cima,4,0
35765,17325,131,Parte_orientacional,cima,3,1
39358,10205,141,Medida_volume,gota,1,0
29575,10205,141,Medida_volume,gota,7,1
40320,33634,144,Acessórios_de_vestuário,sombreiro,0,1
40264,33634,144,Acessórios_de_vestuário,sombreiro,2,0
40321,33634,144,Acessórios_de_vestuário,sombreiro,0,2
40265,33634,144,Acessórios_de_vestuário,sombreiro,1,2
48219,65560,146,Trajar,nu,0,0
38766,65560,146,Trajar,nu,1,0
18591,146325,146,Trajar,com,2,0
48239,146325,146,Trajar,com,0,0
27104,9334,155,Comércio_comprar,compra,0,0
24387,9334,155,Comércio_comprar,compra,3,2
27106,116842,155,Comércio_comprar,comprar,0,0
202,116842,155,Comércio_comprar,comprar,161,0
21265,24,157,Prédios,teatro,0,0
1879,24,157,Prédios,teatro,3,0
30788,116,157,Prédios,bar,2,0
45935,116,157,Prédios,bar,0,0
25886,165,157,Prédios,casa,2,0
1886,165,157,Prédios,casa,249,37
45932,363,157,Prédios,hotel,0,0
30676,363,157,Prédios,hotel,1,0
21173,886,157,Prédios,biblioteca,0,0
1874,886,157,Prédios,biblioteca,7,1
1880,891,157,Prédios,"casa de cultura",5,0
25884,891,157,Prédios,"casa de cultura",0,0
1883,894,157,Prédios,catedral,2,2
25891,894,157,Prédios,catedral,0,0
1895,905,157,Prédios,basílica,3,0
25767,905,157,Prédios,basílica,0,0
21275,7072,157,Prédios,templo,0,0
19814,7072,157,Prédios,templo,23,61
20381,7417,157,Prédios,departamento,2,0
25905,7417,157,Prédios,departamento,0,0
23748,9169,157,Prédios,cobertura,1,1
25901,9169,157,Prédios,cobertura,0,0
23756,9173,157,Prédios,abrigo,21,1
25690,9173,157,Prédios,abrigo,0,0
24593,9176,157,Prédios,sinagoga,0,0
23761,9176,157,Prédios,sinagoga,1,0
25900,9533,157,Prédios,circo,0,0
24455,9533,157,Prédios,circo,1,0
43063,117122,162,Comércio_pagar,pagar,1,0
27113,117122,162,Comércio_pagar,pagar,2,0
33352,117122,162,Comércio_pagar,pagar,72,0
3671,117288,168,Evento,acontecer,110,1
27252,117288,168,Evento,acontecer,0,0
20667,116,169,Subpartes_de_prédios,bar,0,0
19450,116,169,Subpartes_de_prédios,bar,1,1
22518,787,169,Subpartes_de_prédios,corredor,19,20
24009,787,169,Subpartes_de_prédios,corredor,0,0
19076,873,169,Subpartes_de_prédios,piscina,3,32
19204,873,169,Subpartes_de_prédios,piscina,0,0
20665,970,169,Subpartes_de_prédios,academia,0,0
19447,970,169,Subpartes_de_prédios,academia,2,1
22504,6818,169,Subpartes_de_prédios,apartamento,5,0
20678,6818,169,Subpartes_de_prédios,apartamento,0,0
22524,8635,169,Subpartes_de_prédios,"sala de estar",2,9
24024,8635,169,Subpartes_de_prédios,"sala de estar",0,0
22525,8636,169,Subpartes_de_prédios,andar,16,0
40365,8636,169,Subpartes_de_prédios,andar,3,0
24011,8651,169,Subpartes_de_prédios,depósito,0,0
22540,8651,169,Subpartes_de_prédios,depósito,1,0
24004,8657,169,Subpartes_de_prédios,torre,0,0
22547,8657,169,Subpartes_de_prédios,torre,1,2
38163,38376,169,Subpartes_de_prédios,toilette,1,0
31989,38376,169,Subpartes_de_prédios,toilette,1,0
24099,73932,169,Subpartes_de_prédios,térreo,1,0
48368,73932,169,Subpartes_de_prédios,térreo,0,0
48383,65334,170,Massa_quantificada,muito,0,0
32960,65334,170,Massa_quantificada,muito,21,0
39599,66069,170,Massa_quantificada,pesar,3,0
41383,66069,170,Massa_quantificada,pesar,0,0
39373,66314,170,Massa_quantificada,pouco,10,0
48371,66314,170,Massa_quantificada,pouco,0,0
48389,86374,170,Massa_quantificada,nenhum,0,0
32959,86374,170,Massa_quantificada,nenhum,19,0
42452,88355,170,Massa_quantificada,qualquer,7,0
45985,88355,170,Massa_quantificada,qualquer,0,0
20831,25,171,Locais_naturais,monte,0,0
1669,25,171,Locais_naturais,monte,2,0
25729,154,171,Locais_naturais,campo,0,0
25727,154,171,Locais_naturais,campo,5,13
1666,715,171,Locais_naturais,morro,5,7
19094,715,171,Locais_naturais,morro,0,0
1667,716,171,Locais_naturais,lago,5,5
20836,716,171,Locais_naturais,lago,0,0
30683,720,171,Locais_naturais,vale,0,0
1673,720,171,Locais_naturais,vale,2,5
20814,721,171,Locais_naturais,canal,0,0
1674,721,171,Locais_naturais,canal,2,1
20842,726,171,Locais_naturais,gruta,0,0
1679,726,171,Locais_naturais,gruta,5,0
1690,736,171,Locais_naturais,bosque,5,0
25713,736,171,Locais_naturais,bosque,0,0
20832,874,171,Locais_naturais,mar,0,0
19031,874,171,Locais_naturais,mar,45,15
25412,6545,171,Locais_naturais,mundo,11,1
25720,6545,171,Locais_naturais,mundo,0,0
19009,6666,171,Locais_naturais,caudal,1,0
25714,6666,171,Locais_naturais,caudal,0,0
19065,6689,171,Locais_naturais,parque,10,20
19201,6689,171,Locais_naturais,parque,0,0
19339,6828,171,Locais_naturais,pantanal,1,0
25724,6828,171,Locais_naturais,pantanal,0,0
19344,6831,171,Locais_naturais,chapada,1,0
20838,6831,171,Locais_naturais,chapada,0,0
33772,26133,171,Locais_naturais,lava,1,0
46004,26133,171,Locais_naturais,lava,0,0
19079,76,172,Local,área,40,10
25455,76,172,Local,área,0,0
25463,956,172,Local,lugar,0,0
1959,956,172,Local,lugar,159,43
25462,957,172,Local,local,0,0
1960,957,172,Local,local,49,26
32712,2039,172,Local,terra,10,0
40422,2039,172,Local,terra,8,1
3761,2052,172,Local,região,83,6
43121,2052,172,Local,região,0,0
25464,6559,172,Local,periferia,0,0
18671,6559,172,Local,periferia,3,1
25466,6585,172,Local,planeta,0,0
18757,6585,172,Local,planeta,13,1
19346,6688,172,Local,centro,16,0
25459,6688,172,Local,centro,0,0
38470,9458,172,Local,ambiente,4,0
25454,9458,172,Local,ambiente,0,0
24231,9458,172,Local,ambiente,21,0
25456,9695,172,Local,zona,0,0
24722,9695,172,Local,zona,13,0
26287,10730,172,Local,núcleo,1,0
27911,10730,172,Local,núcleo,0,0
27402,11536,172,Local,mancha,2,0
27913,11536,172,Local,mancha,0,0
25764,73926,172,Local,urbano,9,0
25765,73926,172,Local,urbano,0,0
1612,696,173,Área_biológica,mato,1,2
19262,696,173,Área_biológica,mato,0,0
20771,2114,175,Locais_políticos,capital,0,0
34173,2114,175,Locais_políticos,capital,1,0
18987,2114,175,Locais_políticos,capital,12,1
21853,2114,175,Locais_políticos,capital,1,0
20781,6545,175,Locais_políticos,mundo,0,0
18604,6545,175,Locais_políticos,mundo,89,3
20789,6583,175,Locais_políticos,país,0,0
18753,6583,175,Locais_políticos,país,147,37
20773,6657,175,Locais_políticos,estado,2,0
18992,6657,175,Locais_políticos,estado,47,2
20772,6735,175,Locais_políticos,distrito,0,0
19169,6735,175,Locais_políticos,distrito,5,0
25741,9563,175,Locais_políticos,favela,2,0
25742,9563,175,Locais_políticos,favela,0,0
46024,64117,175,Locais_políticos,internacional,0,0
20776,64117,175,Locais_políticos,internacional,1,0
19025,65355,175,Locais_políticos,municipal,5,0
9162,65355,175,Locais_políticos,municipal,0,0
3898,2132,176,Locais_por_uso,interior,2,0
21883,2132,176,Locais_por_uso,interior,0,0
19772,7035,176,Locais_por_uso,monumento,32,6
21041,7035,176,Locais_por_uso,monumento,0,0
25738,9333,176,Locais_por_uso,chafariz,0,0
24340,9333,176,Locais_por_uso,chafariz,2,2
24902,9786,176,Locais_por_uso,meca,2,0
25760,9786,176,Locais_por_uso,meca,0,0
33375,67192,176,Locais_por_uso,rural,5,0
9190,67192,176,Locais_por_uso,rural,0,0
32168,38440,178,Agir_intencionalmente,feito,11,0
40063,38440,178,Agir_intencionalmente,feito,4,0
26838,33516,179,Relação_locativa,sobre,0,0
31352,33516,179,Relação_locativa,sobre,33,0
46080,63148,179,Relação_locativa,fora,0,0
20176,63148,179,Relação_locativa,fora,19,1
48570,66061,179,Relação_locativa,perto,0,0
20167,66061,179,Relação_locativa,perto,21,0
20144,139825,179,Relação_locativa,"ao longo de",3,0
48583,139825,179,Relação_locativa,"ao longo de",0,0
46079,139903,179,Relação_locativa,abaixo,0,0
39971,139903,179,Relação_locativa,abaixo,5,0
19083,6701,183,Vias,avenida,8,2
19203,6701,183,Vias,avenida,0,0
43511,65355,183,Vias,municipal,1,0
43519,65355,183,Vias,municipal,1,0
41401,10669,191,Vício,usuário,30,0
38802,10669,191,Vício,usuário,12,0
26208,10695,191,Vício,viciado,0,0
26240,10695,191,Vício,viciado,4,0
38845,20106,191,Vício,drogado,0,0
38846,20106,191,Vício,drogado,2,0
41402,70269,191,Vício,alcoolista,2,0
38031,70269,191,Vício,alcoolista,0,0
19328,2137,193,"Direção ",sul,1,0
22463,2137,193,"Direção ",sul,0,0
19269,6661,193,"Direção ",norte,0,0
22459,6661,193,"Direção ",norte,2,0
22460,6661,193,"Direção ",norte,1,0
32527,139830,193,"Direção ","para cima",10,0
32528,139830,193,"Direção ","para cima",5,0
39925,763,196,Números_cardinais,meio,1,0
29073,763,196,Números_cardinais,meio,10,0
18666,17339,196,Números_cardinais,cinco,35,0
29311,17339,196,Números_cardinais,cinco,0,0
40072,17339,196,Números_cardinais,cinco,2,0
48618,31397,196,Números_cardinais,quatorze,0,0
22906,31397,196,Números_cardinais,quatorze,6,0
18590,31399,196,Números_cardinais,quatro,36,0
39916,31399,196,Números_cardinais,quatro,6,0
37284,31499,196,Números_cardinais,quinze,0,0
18805,31499,196,Números_cardinais,quinze,11,0
46098,36053,196,Números_cardinais,vinte,0,0
22923,36053,196,Números_cardinais,vinte,20,0
9487,36465,196,Números_cardinais,zero,0,0
22925,36465,196,Números_cardinais,zero,3,0
3800,36843,196,Números_cardinais,dois,177,0
39238,36843,196,Números_cardinais,dois,40,3
42513,67464,196,Números_cardinais,setecentos,4,0
43697,67464,196,Números_cardinais,setecentos,2,0
43296,116656,196,Números_cardinais,"vinte e cinco",4,0
22921,116656,196,Números_cardinais,"vinte e cinco",10,0
28878,116693,196,Números_cardinais,"vinte e três",6,0
43211,116693,196,Números_cardinais,"vinte e três",4,0
28910,116707,196,Números_cardinais,"trinta e dois",0,0
43311,116707,196,Números_cardinais,"trinta e dois",2,0
34480,116808,196,Números_cardinais,"quarenta e cinco",3,0
48619,116808,196,Números_cardinais,"quarenta e cinco",0,0
43310,116817,196,Números_cardinais,"dois mil",2,0
34781,116817,196,Números_cardinais,"dois mil",16,0
43712,139880,196,Números_cardinais,realmente,1,0
43713,139880,196,Números_cardinais,realmente,1,0
43690,142534,196,Números_cardinais,"com certeza",1,0
43698,142534,196,Números_cardinais,"com certeza",1,0
43700,142534,196,Números_cardinais,"com certeza",1,0
43689,142534,196,Números_cardinais,"com certeza",1,0
43419,196730,196,Números_cardinais,diálogos,1,0
43422,196730,196,Números_cardinais,diálogos,1,0
43399,196730,196,Números_cardinais,diálogos,1,0
43411,196730,196,Números_cardinais,diálogos,1,0
43460,196785,196,Números_cardinais,leias,1,0
43463,196785,196,Números_cardinais,leias,1,0
43466,196785,196,Números_cardinais,leias,1,0
43490,196785,196,Números_cardinais,leias,1,0
43620,196904,196,Números_cardinais,gasta,1,0
43624,196904,196,Números_cardinais,gasta,1,0
43651,196914,196,Números_cardinais,gastos,1,0
43652,196914,196,Números_cardinais,gastos,1,0
43653,196914,196,Números_cardinais,gastos,1,0
26430,61819,197,Comunicação_de_julgamento,crítico,3,0
48643,61819,197,Comunicação_de_julgamento,crítico,0,0
43002,121104,197,Comunicação_de_julgamento,acusar,1,0
26798,121104,197,Comunicação_de_julgamento,acusar,0,0
26801,121231,197,Comunicação_de_julgamento,criticar,0,0
26488,121231,197,Comunicação_de_julgamento,criticar,1,0
18657,6556,206,Unidade_calêndrica,hoje,40,0
3595,6556,206,Unidade_calêndrica,hoje,76,0
35768,31386,206,Unidade_calêndrica,quarta-feira,8,0
43812,31386,206,Unidade_calêndrica,quarta-feira,0,0
48710,59463,206,Unidade_calêndrica,amanhã,0,0
35771,59463,206,Unidade_calêndrica,amanhã,8,0
18684,65673,206,Unidade_calêndrica,ontem,30,0
48709,65673,206,Unidade_calêndrica,ontem,0,0
48736,64592,211,Descrição_parte_do_corpo,loiro,0,0
33301,64592,211,Descrição_parte_do_corpo,loiro,1,2
48737,65285,211,Descrição_parte_do_corpo,moreno,0,0
39339,65285,211,Descrição_parte_do_corpo,moreno,3,0
40451,67188,211,Descrição_parte_do_corpo,ruivo,1,1
48739,67188,211,Descrição_parte_do_corpo,ruivo,0,0
28185,18792,215,Condições_em_saúde,câncer,6,0
28378,18792,215,Condições_em_saúde,câncer,116,1
38502,60923,215,Condições_em_saúde,cardiopata,2,0
36686,60923,215,Condições_em_saúde,cardiopata,0,0
26635,117255,216,Transportar,transportar,0,0
3615,117255,216,Transportar,transportar,10,0
27809,78319,217,Competição,competitivo,1,0
27828,78319,217,Competição,competitivo,0,0
693,117060,217,Competição,disputar,0,0
502,117060,217,Competição,disputar,204,0
27820,117241,217,Competição,competir,0,0
3854,117241,217,Competição,competir,1,0
33245,6622,226,Entidade,nada,4,0
18901,6622,226,Entidade,nada,14,0
24854,59106,229,Fechamento,abrir,113,1
39957,59106,229,Fechamento,abrir,2,0
26447,67650,233,Acompanhamento,sozinho,42,0
48873,67650,233,Acompanhamento,sozinho,0,0
39513,146325,233,Acompanhamento,com,13,0
32177,146325,233,Acompanhamento,com,0,0
253,146325,233,Acompanhamento,com,92,0
24637,100911,238,Ingestão,alimentar,20,0
39744,100911,238,Ingestão,alimentar,5,0
24752,117247,238,Ingestão,tomar,113,0
26796,117247,238,Ingestão,tomar,0,0
23911,120737,238,Ingestão,consumir,31,0
23908,120737,238,Ingestão,consumir,0,0
48924,120749,243,Criação_culinária,assar,0,0
19556,120749,243,Criação_culinária,assar,1,0
40547,641,252,Alimentos_e_bebidas,"carne de porco",0,1
40548,641,252,Alimentos_e_bebidas,"carne de porco",0,1
24803,1239,252,Alimentos_e_bebidas,alimento,0,0
2425,1239,252,Alimentos_e_bebidas,alimento,70,64
30696,1259,252,Alimentos_e_bebidas,banana,0,0
40143,1259,252,Alimentos_e_bebidas,banana,3,5
21396,1275,252,Alimentos_e_bebidas,caipirinha,1,0
2474,1275,252,Alimentos_e_bebidas,caipirinha,2,0
2478,1279,252,Alimentos_e_bebidas,bebida,6,15
24818,1279,252,Alimentos_e_bebidas,bebida,0,0
21433,1282,252,Alimentos_e_bebidas,chimarrão,0,0
2483,1282,252,Alimentos_e_bebidas,chimarrão,1,1
2569,1341,252,Alimentos_e_bebidas,moqueca,1,0
25108,1341,252,Alimentos_e_bebidas,moqueca,0,0
24936,1973,252,Alimentos_e_bebidas,caldo,0,0
3508,1973,252,Alimentos_e_bebidas,caldo,1,0
3517,1981,252,Alimentos_e_bebidas,sopa,2,10
25213,1981,252,Alimentos_e_bebidas,sopa,0,0
40416,9357,252,Alimentos_e_bebidas,nachos,0,5
24059,9357,252,Alimentos_e_bebidas,nachos,0,2
24071,9365,252,Alimentos_e_bebidas,farofa,4,0
25042,9365,252,Alimentos_e_bebidas,farofa,0,0
24897,9783,252,Alimentos_e_bebidas,whisky,3,2
25205,9783,252,Alimentos_e_bebidas,whisky,0,0
40630,30899,252,Alimentos_e_bebidas,presunto,0,0
40507,30899,252,Alimentos_e_bebidas,presunto,1,2
34739,36832,252,Alimentos_e_bebidas,gin,1,1
34271,36832,252,Alimentos_e_bebidas,gin,1,0
33588,58974,252,Alimentos_e_bebidas,"hot dog",1,0
33764,58974,252,Alimentos_e_bebidas,"hot dog",1,0
34392,64544,252,Alimentos_e_bebidas,limão,2,4
27887,64544,252,Alimentos_e_bebidas,limão,2,0
39308,64651,252,Alimentos_e_bebidas,líquido,11,0
39272,64651,252,Alimentos_e_bebidas,líquido,14,0
41789,2138,255,Criar_intencionalmente,produtor,0,0
41007,2138,255,Criar_intencionalmente,produtor,1,0
43465,196785,255,Criar_intencionalmente,leias,1,0
43456,196785,255,Criar_intencionalmente,leias,1,0
38763,15679,272,Texto,braille,1,0
39381,15679,272,Texto,braille,1,0
33918,15679,272,Texto,braille,7,0
1772,805,278,Pessoas,"ser humano",5,0
25979,805,278,Pessoas,"ser humano",0,0
32847,806,278,Pessoas,alguém,14,0
25967,806,278,Pessoas,alguém,5,0
25977,961,278,Pessoas,gente,1,0
1972,961,278,Pessoas,gente,208,35
31141,6569,278,Pessoas,vida,7,0
31142,6569,278,Pessoas,vida,0,0
23499,8979,278,Pessoas,colega,15,0
25972,8979,278,Pessoas,colega,0,0
23504,9000,278,Pessoas,humano,6,3
25978,9000,278,Pessoas,humano,0,0
25974,9001,278,Pessoas,dama,0,0
23505,9001,278,Pessoas,dama,2,0
23506,9002,278,Pessoas,"ser vivo",3,0
25980,9002,278,Pessoas,"ser vivo",0,0
49183,9004,278,Pessoas,um,0,0
25987,9004,278,Pessoas,um,17,0
32848,36902,278,Pessoas,ninguém,15,0
25982,36902,278,Pessoas,ninguém,32,0
32851,38479,278,Pessoas,todos,14,1
49184,38479,278,Pessoas,todos,0,0
46470,63356,278,Pessoas,gay,0,0
34203,63356,278,Pessoas,gay,2,0
25989,139261,278,Pessoas,quem,53,0
32849,139261,278,Pessoas,quem,1,0
27548,1077,284,Morto_ou_vivo,mortal,1,0
32130,1077,284,Morto_ou_vivo,mortal,0,0
11386,2132,299,Parte_interior_exterior,interior,0,0
31258,2132,299,Parte_interior_exterior,interior,0,1
49327,36977,314,Suficiência,suficiente,0,0
22556,36977,314,Suficiência,suficiente,12,0
18742,76632,314,Suficiência,bastante,10,1
39970,76632,314,Suficiência,bastante,2,0
22569,139220,314,Suficiência,demais,20,0
38545,139220,314,Suficiência,demais,2,0
559,117189,315,Viajar,viajar,41,0
706,117189,315,Viajar,viajar,23,0
19340,6829,326,Desejabilidade,incrível,8,0
46629,6829,326,Desejabilidade,incrível,0,0
21165,7976,326,Desejabilidade,chato,0,0
21164,7976,326,Desejabilidade,chato,3,0
21184,66284,326,Desejabilidade,popular,4,0
11764,66284,326,Desejabilidade,popular,0,0
29100,77199,327,Instância_única,cada,37,0
39939,77199,327,Instância_única,cada,4,0
36390,61045,334,Movimento_direcional,caído,0,0
36392,61045,334,Movimento_direcional,caído,2,0
21062,111,337,Negócios,banco,0,0
1897,111,337,Negócios,banco,5,1
25683,916,337,Negócios,supermercado,0,0
1911,916,337,Negócios,supermercado,3,1
18877,6618,337,Negócios,empresa,8,0
25671,6618,337,Negócios,empresa,1,0
19668,6933,337,Negócios,"consultoria de recursos humanos",1,0
21072,6933,337,Negócios,"consultoria de recursos humanos",0,0
24724,9696,337,Negócios,vinícola,1,2
25684,9696,337,Negócios,vinícola,0,0
22443,8598,338,Desejar,querer,3,0
27200,8598,338,Desejar,querer,1,0
348,8598,338,Desejar,querer,195,4
43250,9609,345,Dificuldade,parceria,1,0
43251,9609,345,Dificuldade,parceria,1,0
43723,35070,345,Dificuldade,transtorno,0,0
43609,35070,345,Dificuldade,transtorno,2,0
49587,69885,345,Dificuldade,difícil,0,0
282,69885,345,Dificuldade,difícil,38,0
43264,146388,345,Dificuldade,"de frente",1,0
43268,146388,345,Dificuldade,"de frente",1,0
43269,146388,345,Dificuldade,"de frente",1,0
18841,139799,349,Vetor_tempo,depois,34,1
49601,139799,349,Vetor_tempo,depois,0,0
49603,139807,349,Vetor_tempo,atrás,0,0
18897,139807,349,Vetor_tempo,atrás,13,0
49602,139814,349,Vetor_tempo,antes,0,0
19116,139814,349,Vetor_tempo,antes,65,1
40103,140088,349,Vetor_tempo,após,5,0
29130,140088,349,Vetor_tempo,após,130,0
43375,146417,349,Vetor_tempo,"daqui a pouco",2,0
33781,146417,349,Vetor_tempo,"daqui a pouco",2,0
27474,33614,355,Substância_por_fase,sólido,2,0
49644,33614,355,Substância_por_fase,sólido,0,0
27471,64651,355,Substância_por_fase,líquido,6,0
42605,64651,355,Substância_por_fase,líquido,3,2
40858,8665,360,Assistência,servir,1,0
46766,8665,360,Assistência,servir,0,0
24139,121019,360,Assistência,cuidar,29,0
49681,121019,360,Assistência,cuidar,0,0
39828,62145,361,Ser_obrigado,dever,0,0
432,62145,361,Ser_obrigado,dever,104,0
22943,67412,365,Sentir,sentir,51,0
3738,67412,365,Sentir,sentir,21,0
24295,139881,371,Primeiro_na_classificação,principalmente,16,0
43237,139881,371,Primeiro_na_classificação,principalmente,4,0
34566,37015,374,Artes_performáticas,hip-hop,1,0
34778,37015,374,Artes_performáticas,hip-hop,0,0
12855,64004,377,Fabricação,industrial,3,0
49762,64004,377,Fabricação,industrial,0,0
43227,116693,382,Intérpretes_e_papéis,"vinte e três",1,0
43213,116693,382,Intérpretes_e_papéis,"vinte e três",1,0
32217,852,390,Artefato,mesa,3,0
32218,852,390,Artefato,mesa,1,0
49850,11650,392,Cor,rosa,0,0
40131,11650,392,Cor,rosa,19,5
43021,59613,392,Cor,anil,1,0
43023,59613,392,Cor,anil,0,0
41867,64419,392,Cor,laranja,9,0
38793,64419,392,Cor,laranja,24,0
49922,634,398,Veículo,bonde,0,0
22847,634,398,Veículo,bonde,1,1
20881,73184,403,Similaridade,diferente,21,0
27014,73184,403,Similaridade,diferente,0,0
20888,73388,403,Similaridade,distinto,1,0
27016,73388,403,Similaridade,distinto,0,0
39781,6,417,Finalidade,objetivo,0,0
221,6,417,Finalidade,objetivo,5,0
18964,6643,431,Documentos,tratado,2,0
25356,6643,431,Documentos,tratado,0,0
38066,7380,431,Documentos,relatório,4,0
38837,7380,431,Documentos,relatório,4,0
23337,8930,431,Documentos,carta,2,0
25322,8930,431,Documentos,carta,0,0
24119,9400,431,Documentos,nota,2,0
25348,9400,431,Documentos,nota,0,0
38073,31026,431,Documentos,prontuário,0,0
38146,31026,431,Documentos,prontuário,18,0
38075,70321,431,Documentos,"ficha de atendimento",6,0
38144,70321,431,Documentos,"ficha de atendimento",10,0
38076,70322,431,Documentos,"ficha de notificação",4,0
38143,70322,431,Documentos,"ficha de notificação",0,0
26851,117240,440,Mover-se_no_lugar,girar,0,0
24680,117240,440,Mover-se_no_lugar,girar,10,0
3648,117272,442,Causar_mudança,transformar,22,0
26659,117272,442,Causar_mudança,transformar,0,0
27626,121143,442,Causar_mudança,alterar,5,0
26651,121143,442,Causar_mudança,alterar,2,0
43733,133917,442,Causar_mudança,reverter,1,0
43629,133917,442,Causar_mudança,reverter,2,0
18908,6599,448,Comunicação_direta_de_julgamento,obrigado,12,1
18793,6599,448,Comunicação_direta_de_julgamento,obrigado,12,1
50152,121048,456,Dizer,informar,0,0
41923,121048,456,Dizer,informar,1,0
26434,6639,465,Terminar_competição,vencedor,1,0
50193,6639,465,Terminar_competição,vencedor,0,0
27073,116957,479,Conversar,conversar,0,0
391,116957,479,Conversar,conversar,87,1
43535,9441,485,Atributos,qualidade,4,0
24200,9441,485,Atributos,qualidade,16,0
29209,988,486,Atributos_mensuráveis,pesado,0,0
20303,988,486,Atributos_mensuráveis,pesado,5,0
34376,90325,486,Atributos_mensuráveis,superficial,1,0
44078,90325,486,Atributos_mensuráveis,superficial,0,0
40386,34895,490,Peça_arquitetônica,torneira,2,0
40387,34895,490,Peça_arquitetônica,torneira,2,2
23309,8912,492,Pessoas_por_idade,jovem,44,20
29698,8912,492,Pessoas_por_idade,jovem,6,3
24102,37099,492,Pessoas_por_idade,velho,9,4
27707,37099,492,Pessoas_por_idade,velho,5,1
18790,59250,492,Pessoas_por_idade,adulto,21,2
50303,59250,492,Pessoas_por_idade,adulto,0,0
33259,957,493,Pessoas_por_origem,local,11,13
33773,957,493,Pessoas_por_origem,local,4,0
24324,1962,493,Pessoas_por_origem,carioca,2,0
25998,1962,493,Pessoas_por_origem,carioca,0,0
3764,2042,493,Pessoas_por_origem,brasileiro,7,1
3606,2042,493,Pessoas_por_origem,brasileiro,14,4
19044,6676,493,Pessoas_por_origem,boliviano,1,0
25994,6676,493,Pessoas_por_origem,boliviano,0,0
19099,6707,493,Pessoas_por_origem,alagoano,1,0
25991,6707,493,Pessoas_por_origem,alagoano,0,0
25993,9006,493,Pessoas_por_origem,americano,0,0
23510,9006,493,Pessoas_por_origem,americano,3,0
25997,9008,493,Pessoas_por_origem,californiano,0,0
23512,9008,493,Pessoas_por_origem,californiano,1,0
23516,9012,493,Pessoas_por_origem,francesa,2,0
26003,9012,493,Pessoas_por_origem,francesa,0,0
44090,37758,493,Pessoas_por_origem,escocês,0,0
29589,37758,493,Pessoas_por_origem,escocês,12,7
26777,62534,495,Compreender,entender,2,0
44095,62534,495,Compreender,entender,0,0
39438,8064,498,Capacidade_ação,poder,13,0
44102,8064,498,Capacidade_ação,poder,0,0
247,8064,498,Capacidade_ação,poder,154,0
40839,36681,498,Capacidade_ação,potencial,3,0
50338,36681,498,Capacidade_ação,potencial,0,0
26641,63950,498,Capacidade_ação,incapaz,0,0
27490,63950,498,Capacidade_ação,incapaz,2,0
26640,71100,498,Capacidade_ação,capaz,0,0
3660,71100,498,Capacidade_ação,capaz,9,0
24472,121056,498,Capacidade_ação,capacitar,3,0
43086,121056,498,Capacidade_ação,capacitar,1,0
43322,146588,498,Capacidade_ação,"cerca de",1,0
43315,146588,498,Capacidade_ação,"cerca de",1,0
18868,36784,500,Incremento,outro,233,1
44105,36784,500,Incremento,outro,0,0
50346,36965,500,Incremento,mais,0,0
27492,36965,500,Incremento,mais,23,0
19258,64549,504,Estética,lindo,0,0
19292,64549,504,Estética,lindo,28,0
40122,116969,509,Parada,parar,23,0
26782,116969,509,Parada,parar,0,0
3623,8667,518,Temperatura_ambiente,frio,5,0
22611,8667,518,Temperatura_ambiente,frio,4,0
1906,414,524,Pessoas_por_vocação,médico,32,1
20733,414,524,Pessoas_por_vocação,médico,0,0
23575,483,524,Pessoas_por_vocação,polícia,12,1
20708,483,524,Pessoas_por_vocação,polícia,0,0
23599,572,524,Pessoas_por_vocação,técnico,3,0
20730,572,524,Pessoas_por_vocação,técnico,0,0
30790,672,524,Pessoas_por_vocação,professor,1,0
1584,672,524,Pessoas_por_vocação,professor,34,7
1907,912,524,Pessoas_por_vocação,dentista,2,0
20410,912,524,Pessoas_por_vocação,dentista,0,0
20393,6874,524,Pessoas_por_vocação,artista,0,0
23533,6874,524,Pessoas_por_vocação,artista,17,2
20423,6903,524,Pessoas_por_vocação,fotógrafo,0,0
19631,6903,524,Pessoas_por_vocação,fotógrafo,4,8
23579,7359,524,Pessoas_por_vocação,profissional,6,0
20206,7359,524,Pessoas_por_vocação,profissional,24,0
27950,9062,524,Pessoas_por_vocação,piloto,0,0
23572,9062,524,Pessoas_por_vocação,piloto,1,3
24496,9543,524,Pessoas_por_vocação,pastor,1,0
25641,9543,524,Pessoas_por_vocação,pastor,0,0
25580,9773,524,Pessoas_por_vocação,contador,0,0
24866,9773,524,Pessoas_por_vocação,contador,1,0
25585,9780,524,Pessoas_por_vocação,delegado,0,0
24873,9780,524,Pessoas_por_vocação,delegado,4,0
25608,9782,524,Pessoas_por_vocação,historiador,0,0
24875,9782,524,Pessoas_por_vocação,historiador,1,0
26069,10616,524,Pessoas_por_vocação,taxista,12,0
27945,10616,524,Pessoas_por_vocação,taxista,0,0
27934,10689,524,Pessoas_por_vocação,astrólogo,0,0
26199,10689,524,Pessoas_por_vocação,astrólogo,3,0
27933,10742,524,Pessoas_por_vocação,socorrista,0,0
26314,10742,524,Pessoas_por_vocação,socorrista,3,0
26399,10782,524,Pessoas_por_vocação,soldado,6,0
27944,10782,524,Pessoas_por_vocação,soldado,0,0
27940,10812,524,Pessoas_por_vocação,ministro,0,0
26464,10812,524,Pessoas_por_vocação,ministro,11,20
26505,10833,524,Pessoas_por_vocação,poeta,4,0
27943,10833,524,Pessoas_por_vocação,poeta,0,0
27996,14251,524,Pessoas_por_vocação,astronauta,1,0
28013,14251,524,Pessoas_por_vocação,astronauta,0,0
27977,14490,524,Pessoas_por_vocação,autor,0,0
27557,14490,524,Pessoas_por_vocação,autor,10,2
27942,37085,524,Pessoas_por_vocação,pirata,0,0
27540,37085,524,Pessoas_por_vocação,pirata,2,0
27939,37090,524,Pessoas_por_vocação,explorador,0,0
27630,37090,524,Pessoas_por_vocação,explorador,1,0
50393,59314,524,Pessoas_por_vocação,agricultor,0,0
40366,59314,524,Pessoas_por_vocação,agricultor,5,1
19472,120715,527,Influência_subjetiva,influenciar,2,0
27037,120715,527,Influência_subjetiva,influenciar,0,0
19474,120716,527,Influência_subjetiva,inspirar,6,0
27040,120716,527,Influência_subjetiva,inspirar,0,0
34123,957,535,Origem,local,5,0
19152,957,535,Origem,local,29,1
19299,6741,535,Origem,nacional,14,0
19193,6741,535,Origem,nacional,5,0
50456,9390,535,Origem,árabe,0,0
24164,9390,535,Origem,árabe,6,0
43730,23315,535,Origem,gaúcho,0,0
40968,23315,535,Origem,gaúcho,4,0
40684,131879,544,Usar,mexer,0,0
40685,131879,544,Usar,mexer,1,0
18715,1220,549,Números_ordinais,quarto,2,0
28887,1220,549,Números_ordinais,quarto,3,0
43130,7402,549,Números_ordinais,segundo,0,0
18600,7402,549,Números_ordinais,segundo,8,0
28885,7402,549,Números_ordinais,segundo,21,0
43132,8815,549,Números_ordinais,quinto,0,0
26135,8815,549,Números_ordinais,quinto,4,0
18601,8828,549,Números_ordinais,terceiro,8,0
28886,8828,549,Números_ordinais,terceiro,4,0
22934,62324,549,Números_ordinais,décimo,1,0
28892,62324,549,Números_ordinais,décimo,1,0
36899,66401,549,Números_ordinais,primeiro,16,0
18597,66401,549,Números_ordinais,primeiro,56,0
3864,66401,549,Números_ordinais,primeiro,32,0
26462,67477,549,Números_ordinais,sexto,2,0
28888,67477,549,Números_ordinais,sexto,1,0
50495,147176,550,Informação_atribuída,"de acordo com",0,0
32252,147176,550,Informação_atribuída,"de acordo com",6,0
29088,120771,554,Inclusão,envolver,10,0
29219,120771,554,Inclusão,envolver,0,0
26494,10827,558,Ser_necessário,essencial,6,1
50516,10827,558,Ser_necessário,essencial,0,0
43541,9608,559,Projeto,projeto,6,0
24536,9608,559,Projeto,projeto,59,0
274,62145,564,Ser_obrigatório,dever,10,0
39741,62145,564,Ser_obrigatório,dever,11,0
26110,6566,567,Sofrer_mudança,transição,0,0
18705,6566,567,Sofrer_mudança,transição,3,0
20140,63148,572,Relação_de_perfilamento_interior,fora,11,2
44210,63148,572,Relação_de_perfilamento_interior,fora,0,0
20139,139821,572,Relação_de_perfilamento_interior,dentro,21,0
50531,139821,572,Relação_de_perfilamento_interior,dentro,0,0
43256,124794,592,"Verificação ",certificar,2,0
43739,124794,592,"Verificação ",certificar,2,0
40665,32644,594,Rotular,rotulagem,0,0
40666,32644,594,Rotular,rotulagem,1,0
27046,6713,609,Tomar_partido,contra,0,0
19110,6713,609,Tomar_partido,contra,3,0
31111,6713,609,Tomar_partido,contra,14,0
19113,6715,609,Tomar_partido,"a favor",2,0
50568,6715,609,Tomar_partido,"a favor",0,0
22786,117208,610,Atravessar,saltar,16,0
27056,117208,610,Atravessar,saltar,0,0
22782,117352,610,Atravessar,cruzar,5,0
27053,117352,610,Atravessar,cruzar,0,0
50595,8060,615,Estágio_de_progresso,"próxima geração",0,0
21303,8060,615,Estágio_de_progresso,"próxima geração",1,0
18769,6590,618,Campos,arte,20,0
34775,6590,618,Campos,arte,2,2
44272,86176,618,Campos,multicultural,0,0
34210,86176,618,Campos,multicultural,1,0
21436,1235,621,Ingredientes,chocolate,0,0
2418,1235,621,Ingredientes,chocolate,2,0
24990,1254,621,Ingredientes,coco,0,0
2451,1254,621,Ingredientes,coco,3,0
21366,1259,621,Ingredientes,banana,0,0
2458,1259,621,Ingredientes,banana,1,0
25057,1260,621,Ingredientes,fruto,0,0
2459,1260,621,Ingredientes,fruto,1,0
2463,1264,621,Ingredientes,legume,2,0
25084,1264,621,Ingredientes,legume,0,0
21387,1274,621,Ingredientes,cachaça,1,0
2473,1274,621,Ingredientes,cachaça,1,0
25058,1968,621,Ingredientes,marisco,0,0
3503,1968,621,Ingredientes,marisco,1,2
3505,1970,621,Ingredientes,arroz,4,1
24807,1970,621,Ingredientes,arroz,0,0
21577,1977,621,Ingredientes,tapioca,0,0
3512,1977,621,Ingredientes,tapioca,1,0
3514,1979,621,Ingredientes,carne,19,8
24951,1979,621,Ingredientes,carne,0,0
3523,1987,621,Ingredientes,canela,1,0
24939,1987,621,Ingredientes,canela,0,0
3583,2031,621,Ingredientes,fruta,2,1
25056,2031,621,Ingredientes,fruta,0,0
3812,2076,621,Ingredientes,tomate,3,3
25221,2076,621,Ingredientes,tomate,0,0
19365,6838,621,Ingredientes,mangaba,1,0
21507,6838,621,Ingredientes,mangaba,0,0
19367,6840,621,Ingredientes,bacuri,1,0
23894,6840,621,Ingredientes,bacuri,0,0
24820,9316,621,Ingredientes,bife,0,0
24038,9316,621,Ingredientes,bife,1,13
25145,9419,621,Ingredientes,picanha,0,0
24144,9419,621,Ingredientes,picanha,1,0
24802,9430,621,Ingredientes,bacon,0,0
24171,9430,621,Ingredientes,bacon,4,1
27441,36964,625,Obviedade,claro,9,0
28923,36964,625,Obviedade,claro,17,0
43219,116693,629,Precisar,"vinte e três",1,0
43223,116693,629,Precisar,"vinte e três",1,0
43229,116693,629,Precisar,"vinte e três",1,0
43319,146588,629,Precisar,"cerca de",1,0
43321,146588,629,Precisar,"cerca de",1,0
43301,146595,629,Precisar,"atrás de",1,0
43305,146595,629,Precisar,"atrás de",1,0
24849,121146,630,Ajustar,adaptar,6,0
43445,121146,630,Ajustar,adaptar,2,0
3639,62145,636,Evento_desejável,dever,17,0
39228,62145,636,Evento_desejável,dever,36,0
24632,116853,638,Sucesso_ou_falha,conseguir,29,0
27041,116853,638,Sucesso_ou_falha,conseguir,0,0
29040,117134,638,Sucesso_ou_falha,perder,2,0
29041,117134,638,Sucesso_ou_falha,perder,0,0
22644,2051,654,Sub-região_temporal,início,3,0
3760,2051,654,Sub-região_temporal,início,7,0
43642,129792,671,Estimar,estimar,2,0
43767,129792,671,Estimar,estimar,1,0
30842,116843,674,Retirar_da_participação,withdraw,0,0
203,116843,674,Retirar_da_participação,withdraw,2,0
26933,120820,679,Redirecionar,desviar,0,0
24662,120820,679,Redirecionar,desviar,1,0
32074,61409,683,Completude,complementar,1,0
42959,61409,683,Completude,complementar,1,0
44395,6650,690,Origem_indígena,nativo,0,0
18979,6650,690,Origem_indígena,nativo,4,0
43355,9455,691,Estar_em_risco,segurança,16,0
26456,9455,691,Estar_em_risco,segurança,18,0
43336,25072,691,Estar_em_risco,insegurança,2,0
43830,25072,691,Estar_em_risco,insegurança,1,0
33959,120625,698,Importar,importar,2,0
26789,120625,698,Importar,importar,0,0
27568,65392,715,Valor_extremo,mínimo,8,0
50855,65392,715,Valor_extremo,mínimo,0,0
43748,132046,718,Proliferar_em_número,multiplicar,1,0
38550,132046,718,Proliferar_em_número,multiplicar,1,0
43228,116693,719,Estado_da_entidade,"vinte e três",1,0
43215,116693,719,Estado_da_entidade,"vinte e três",1,0
3872,67108,721,Abundância,rico,12,0
26097,67108,721,Abundância,rico,0,0
26096,71101,721,Abundância,abundante,0,0
3758,71101,721,Abundância,abundante,3,0
43583,7098,724,Serviços_públicos,"serviço público",2,0
37988,7098,724,Serviços_públicos,"serviço público",3,0
18738,6580,729,Sistema,sistema,20,1
29356,6580,729,Sistema,sistema,0,0
43413,196730,743,Proteger,diálogos,1,0
43407,196730,743,Proteger,diálogos,1,0
19457,120706,753,Mudar_direção,virar,11,0
26709,120706,753,Mudar_direção,virar,0,0
40379,36241,756,Obras_de_arte_físicas,vídeo,4,1
40380,36241,756,Obras_de_arte_físicas,vídeo,4,1
19087,6704,757,Criar_representação,foto,7,4
19212,6704,757,Criar_representação,foto,0,0
32388,117318,774,Mudar_estado_operacional,ligar,7,0
32389,117318,774,Mudar_estado_operacional,ligar,0,0
32390,117318,774,Mudar_estado_operacional,ligar,1,0
24331,163,791,Dinheiro,cartão,1,0
40484,163,791,Dinheiro,cartão,0,0
20325,36960,800,Meio,como,10,0
18747,36960,800,Meio,como,1,0
16645,173,810,Coincidência,chance,1,0
16646,173,810,Coincidência,chance,0,0
39933,31402,822,Quebrar,quebrar,2,0
453,31402,822,Quebrar,quebrar,29,0
24177,9431,826,Ter_ou_carecer_de_acesso,acesso,20,0
39402,9431,826,Ter_ou_carecer_de_acesso,acesso,0,0
40411,22925,828,Abertura,fresta,0,1
40266,22925,828,Abertura,fresta,1,2
44569,117134,829,Ganhos_e_perdas,perder,0,0
27215,117134,829,Ganhos_e_perdas,perder,1,0
43430,146382,829,Ganhos_e_perdas,"ao todo",1,0
43431,146382,829,Ganhos_e_perdas,"ao todo",1,0
43467,196785,829,Ganhos_e_perdas,leias,1,0
43468,196785,829,Ganhos_e_perdas,leias,1,0
30866,2114,833,Locais_políticos_relacionais,capital,0,0
3867,2114,833,Locais_políticos_relacionais,capital,11,0
24534,27981,834,Tendência,moda,0,0
34614,27981,834,Tendência,moda,6,0
43512,65355,839,Interromper_processo,municipal,1,0
43520,65355,839,Interromper_processo,municipal,1,0
18913,6627,840,Colocação_temporal,futuro,5,0
22632,6627,840,Colocação_temporal,futuro,3,0
39369,62317,840,Colocação_temporal,durante,6,1
22631,62317,840,Colocação_temporal,durante,35,0
22628,69838,840,Colocação_temporal,enquanto,34,0
51037,69838,840,Colocação_temporal,enquanto,0,0
38553,69838,840,Colocação_temporal,enquanto,3,0
29380,139310,840,Colocação_temporal,quando,90,4
18755,139310,840,Colocação_temporal,quando,62,0
38902,63790,848,História_Individual,histórico,7,0
39868,63790,848,História_Individual,histórico,1,0
16889,590,849,Fazer_turismo,tour,1,0
16890,590,849,Fazer_turismo,tour,0,0
25385,610,849,Fazer_turismo,turismo,1,1
25400,610,849,Fazer_turismo,turismo,0,0
25389,621,849,Fazer_turismo,visita,2,0
25404,621,849,Fazer_turismo,visita,0,0
25407,6690,849,Fazer_turismo,vista,0,0
19134,6690,849,Fazer_turismo,vista,1,0
25388,8746,849,Fazer_turismo,ver,4,1
25403,8746,849,Fazer_turismo,ver,0,0
204,116845,849,Fazer_turismo,visitar,20,0
25406,116845,849,Fazer_turismo,visitar,0,0
25377,116992,849,Fazer_turismo,apreciar,3,0
25393,116992,849,Fazer_turismo,apreciar,0,0
18716,65334,860,Quantidade_proporcional,muito,25,0
51081,65334,860,Quantidade_proporcional,muito,0,0
51082,66314,860,Quantidade_proporcional,pouco,0,0
18810,66314,860,Quantidade_proporcional,pouco,53,0
39275,66314,860,Quantidade_proporcional,pouco,17,0
51068,139797,860,Quantidade_proporcional,quase,0,0
18831,139797,860,Quantidade_proporcional,quase,19,0
51070,140085,860,Quantidade_proporcional,aproximadamente,0,0
29089,140085,860,Quantidade_proporcional,aproximadamente,21,0
51075,146588,860,Quantidade_proporcional,"cerca de",0,0
43314,146588,860,Quantidade_proporcional,"cerca de",2,0
19164,146588,860,Quantidade_proporcional,"cerca de",22,0
38468,8746,861,Texto_de_referência,ver,3,0
39264,8746,861,Texto_de_referência,ver,2,0
17006,173,867,Possibilidades,chance,0,0
23687,173,867,Possibilidades,chance,2,0
19019,6668,867,Possibilidades,possível,12,0
33315,6668,867,Possibilidades,possível,8,0
17017,310,881,Versão_sequência,final,0,0
26242,310,881,Versão_sequência,final,4,0
19008,11453,884,Grau,grande,42,0
19285,11453,884,Grau,grande,0,0
43007,76632,884,Grau,bastante,9,0
44615,76632,884,Grau,bastante,0,0
33234,139797,884,Grau,quase,19,0
51124,139797,884,Grau,quase,0,0
43707,139880,884,Grau,realmente,2,0
24291,139880,884,Grau,realmente,39,0
24301,139883,884,Grau,extremamente,3,0
43345,139883,884,Grau,extremamente,2,0
17063,16793,890,Caça_sucesso_ou_fracasso,catch,1,0
31001,16793,890,Caça_sucesso_ou_fracasso,catch,0,0
25275,14,908,Abandonar,abandono,0,0
244,14,908,Abandonar,abandono,2,0
24172,73950,908,Abandonar,abandonado,1,0
25274,73950,908,Abandonar,abandonado,0,0
25273,116851,908,Abandonar,abandonar,0,0
214,116851,908,Abandonar,abandonar,15,0
26904,8064,941,Possibilidade,poder,0,0
337,8064,941,Possibilidade,poder,223,0
39354,8064,941,Possibilidade,poder,22,0
39250,62145,941,Possibilidade,dever,0,0
28483,62145,941,Possibilidade,dever,8,0
19161,62317,942,Relação_de_duração,durante,22,0
39408,62317,942,Relação_de_duração,durante,0,0
33033,34164,948,Sequência,série,0,0
33032,34164,948,Sequência,série,1,0
35115,66401,948,Sequência,primeiro,12,0
42771,66401,948,Sequência,primeiro,0,0
18833,6610,952,Instância_de_evento,vez,44,0
39243,6610,952,Instância_de_evento,vez,23,0
43438,142581,952,Instância_de_evento,"de novo",2,0
32596,142581,952,Instância_de_evento,"de novo",6,0
43818,6806,953,Localização_no_tempo,hora,1,0
28441,6806,953,Localização_no_tempo,hora,36,0
39249,9445,954,Período_de_tempo,horário,7,1
24206,9445,954,Período_de_tempo,horário,7,2
34974,65018,955,Concessão,mesmo,5,0
42450,65018,955,Concessão,mesmo,1,0
29110,147120,955,Concessão,"no entanto",3,0
51173,147120,955,Concessão,"no entanto",0,0
18707,147217,955,Concessão,mas,126,0
42135,147217,955,Concessão,mas,14,0
26220,10681,1004,Tempo_período_de_ação,"dia a dia",5,0
26184,10681,1004,Tempo_período_de_ação,"dia a dia",1,0
22926,173,1011,Oportunidade,chance,3,0
17515,173,1011,Oportunidade,chance,1,0
19370,66284,1015,Popularidade,popular,17,0
17530,66284,1015,Popularidade,popular,1,0
40295,16656,1021,Subparte_de_veículos,carroceria,1,0
40296,16656,1021,Subparte_de_veículos,carroceria,1,1
38329,23778,1032,Ações_políticas,greve,2,0
51266,23778,1032,Ações_políticas,greve,0,0
34050,9645,1033,Estilo_artístico,visual,1,0
44818,9645,1033,Estilo_artístico,visual,0,0
51268,142502,1034,Circunstâncias_contrárias,"apesar de",0,0
29326,142502,1034,Circunstâncias_contrárias,"apesar de",22,0
18950,11453,1043,Notabilidade,grande,35,0
19286,11453,1043,Notabilidade,grande,0,0
25487,6569,1046,Modo_de_viver,vida,0,0
18711,6569,1046,Modo_de_viver,vida,52,11
24461,9536,1046,Modo_de_viver,deficiente,0,0
24462,9536,1046,Modo_de_viver,deficiente,0,1
33583,7393,1140,Nível_de_luz,luz,9,10
43070,7393,1140,Nível_de_luz,luz,0,0
38070,29141,1155,Intervenção_em_saúde,orientação,62,0
42171,29141,1155,Intervenção_em_saúde,orientação,0,0
19375,6844,1184,Animais,fauna,3,0
29612,6844,1184,Animais,fauna,0,0
22740,8719,1184,Animais,gato,6,4
29618,8719,1184,Animais,gato,0,0
29656,8720,1184,Animais,vaca,0,0
22741,8720,1184,Animais,vaca,5,9
29611,8726,1184,Animais,elefante,0,0
22750,8726,1184,Animais,elefante,4,0
29654,8731,1184,Animais,tigre,0,0
22755,8731,1184,Animais,tigre,1,3
29626,10651,1184,Animais,lobo,0,0
26138,10651,1184,Animais,lobo,7,27
29629,10776,1184,Animais,mosquito,0,0
29696,10776,1184,Animais,mosquito,2,0
26385,10776,1184,Animais,mosquito,11,0
29651,11006,1184,Animais,raposa,0,0
27325,11006,1184,Animais,raposa,3,0
34288,11667,1187,Plantas,sativa,2,0
34696,11667,1187,Plantas,sativa,2,0
40471,13801,1187,Plantas,arbusto,0,0
40472,13801,1187,Plantas,arbusto,0,14
40610,70716,1187,Plantas,baobá,0,3
40611,70716,1187,Plantas,baobá,0,5
43262,146388,1187,Plantas,"de frente",1,0
43265,146388,1187,Plantas,"de frente",1,0
29358,139774,1189,Negação,nunca,0,0
18639,139774,1189,Negação,nunca,37,0
43297,146595,1190,Proximidade_não_graduável,"atrás de",2,0
20844,146595,1190,Proximidade_não_graduável,"atrás de",17,1
51528,139544,1191,Contato_espacial,"em cima",0,0
21290,139544,1191,Contato_espacial,"em cima",9,0
22243,671,1192,Adjacência,vizinho,5,0
51531,671,1192,Adjacência,vizinho,0,0
51533,64599,1193,Proximidade_graduável,longe,0,0
26383,64599,1193,Proximidade_graduável,longe,28,0
19191,66495,1193,Proximidade_graduável,próximo,6,0
19192,66495,1193,Proximidade_graduável,próximo,15,0
22477,2137,1200,Relação_locativa_direcional,sul,0,0
3908,2137,1200,Relação_locativa_direcional,sul,2,0
22472,6661,1200,Relação_locativa_direcional,norte,1,0
18999,6661,1200,Relação_locativa_direcional,norte,1,0
39837,139829,1200,Relação_locativa_direcional,acima,1,0
22468,139829,1200,Relação_locativa_direcional,acima,0,0
20639,116842,1210,Serviço_turístico_comprar,comprar,2,0
20803,116842,1210,Serviço_turístico_comprar,comprar,0,0
557,117037,1210,Serviço_turístico_comprar,contratar,31,0
20802,117037,1210,Serviço_turístico_comprar,contratar,0,0
20809,117258,1211,Serviço_turístico_vender,proporcionar,0,0
3743,117258,1211,Serviço_turístico_vender,proporcionar,1,0
20805,117122,1213,Serviço_turístico_pagar,pagar,0,0
969,117122,1213,Serviço_turístico_pagar,pagar,30,0
793,117023,1215,Serviço_turístico_receber,cobrar,25,0
20801,117023,1215,Serviço_turístico_receber,cobrar,0,0
496,62,1220,Acomodação,albergue,15,0
1011,62,1220,Acomodação,albergue,53,0
19222,165,1220,Acomodação,casa,3,0
19661,165,1220,Acomodação,casa,32,10
25247,172,1220,Acomodação,chalé,0,0
499,172,1220,Acomodação,chalé,100,0
520,361,1220,Acomodação,hostel,32,0
498,361,1220,Acomodação,hostel,126,0
519,363,1220,Acomodação,hotel,30,0
1012,363,1220,Acomodação,hotel,379,0
495,363,1220,Acomodação,hotel,116,2
521,517,1220,Acomodação,resort,31,0
500,517,1220,Acomodação,resort,97,0
1013,517,1220,Acomodação,resort,19,0
19855,649,1220,Acomodação,motel,0,0
1554,649,1220,Acomodação,motel,2,0
19660,6818,1220,Acomodação,apartamento,5,0
20646,6818,1220,Acomodação,apartamento,0,0
26022,493,1222,Potencial_turístico,"potencial turístico",0,0
518,493,1222,Potencial_turístico,"potencial turístico",3,0
3675,116959,1222,Potencial_turístico,concentrar,6,0
26021,116959,1222,Potencial_turístico,concentrar,0,0
26026,117205,1222,Potencial_turístico,existir,0,0
1901,117205,1222,Potencial_turístico,existir,40,0
26027,117283,1222,Potencial_turístico,encontrar,0,0
3754,117283,1222,Potencial_turístico,encontrar,6,0
19265,6721,1223,Atrair_turistas,destino,0,0
19136,6721,1223,Atrair_turistas,destino,6,0
24567,9618,1223,Atrair_turistas,atrativo,1,0
24227,9618,1223,Atrair_turistas,atrativo,1,0
23944,117154,1223,Atrair_turistas,reservar,0,0
3674,117154,1223,Atrair_turistas,reservar,9,0
588,36973,1225,Cenário_do_turismo_estada,estar,0,0
549,36973,1225,Cenário_do_turismo_estada,estar,71,0
541,457,1226,Cenário_do_turismo_partida,partida,30,0
25496,457,1226,Cenário_do_turismo_partida,partida,0,0
539,610,1228,Cenário_do_turismo,turismo,169,1
584,610,1228,Cenário_do_turismo,turismo,2,0
1867,598,1231,Transporte,transporte,30,0
629,598,1231,Transporte,transporte,8,0
20751,637,1231,Transporte,"transporte público",0,0
1541,637,1231,Transporte,"transporte público",2,0
20743,60143,1231,Transporte,aéreo,0,0
19029,60143,1231,Transporte,aéreo,2,0
704,310,1238,Final,final,0,0
2515,310,1238,Final,final,23,0
872,117033,1238,Final,conquistar,0,0
505,117033,1238,Final,conquistar,27,0
870,117134,1238,Final,perder,0,0
503,117134,1238,Final,perder,28,0
3905,2134,1240,Turismo_de_atração,ecoturismo,2,1
20756,2134,1240,Turismo_de_atração,ecoturismo,0,0
19100,6708,1240,Turismo_de_atração,agroturismo,1,0
20754,6708,1240,Turismo_de_atração,agroturismo,0,0
1005,116,1253,Serviços_em_alimentação,bar,97,0
20478,116,1253,Serviços_em_alimentação,bar,0,0
781,116,1253,Serviços_em_alimentação,bar,111,43
1002,521,1253,Serviços_em_alimentação,restaurante,87,0
779,521,1253,Serviços_em_alimentação,restaurante,120,35
2937,901,1253,Serviços_em_alimentação,café,0,0
1891,901,1253,Serviços_em_alimentação,café,31,4
2936,902,1253,Serviços_em_alimentação,cafeteria,0,0
1892,902,1253,Serviços_em_alimentação,cafeteria,2,4
20998,916,1253,Serviços_em_alimentação,supermercado,0,0
19813,916,1253,Serviços_em_alimentação,supermercado,1,0
20975,2025,1253,Serviços_em_alimentação,mercado,0,0
3576,2025,1253,Serviços_em_alimentação,mercado,10,21
25287,6832,1259,Atividades_do_turista,tirolesa,0,0
19350,6832,1259,Atividades_do_turista,tirolesa,1,0
1017,414,1260,Comissão_técnica,médico,0,0
976,414,1260,Comissão_técnica,médico,1,0
968,514,1263,Serviço_turístico_reservar,reserva,13,0
20806,514,1263,Serviço_turístico_reservar,reserva,0,0
967,117154,1263,Serviço_turístico_reservar,reservar,60,0
20807,117154,1263,Serviço_turístico_reservar,reservar,0,0
1022,483,1264,Polícia,polícia,0,0
988,483,1264,Polícia,polícia,28,4
636,251,1268,Chegada_ao_destino,desembarque,0,0
554,251,1268,Chegada_ao_destino,desembarque,22,0
553,117050,1268,Chegada_ao_destino,desembarcar,39,0
635,117050,1268,Chegada_ao_destino,desembarcar,5,0
2502,117227,1275,Obter_documento,renovar,11,0
25958,117227,1275,Obter_documento,renovar,0,0
675,268,1278,Partida_do_turista_localidade,embarque,3,0
545,268,1278,Partida_do_turista_localidade,embarque,18,0
676,117071,1278,Partida_do_turista_localidade,embarcar,0,0
546,117071,1278,Partida_do_turista_localidade,embarcar,22,0
1172,70,1279,Arbitragem,árbitro,0,0
1078,70,1279,Arbitragem,árbitro,30,0
1540,636,1292,Meios_de_transporte,bicicleta,11,2
25652,636,1292,Meios_de_transporte,bicicleta,0,0
42734,638,1292,Meios_de_transporte,"barco de passeio",0,1
1542,638,1292,Meios_de_transporte,"barco de passeio",0,3
1644,116877,1293,Deslocar-se,ir,1,0
51723,116877,1293,Deslocar-se,ir,0,0
27838,8746,1306,Reações_da_torcida,ver,1,0
27869,8746,1306,Reações_da_torcida,ver,0,0
1301,67,1327,Equipamentos_esportivos,apito,1,0
20557,67,1327,Equipamentos_esportivos,apito,0,0
1299,133,1327,Equipamentos_esportivos,bola,13,2
29206,133,1327,Equipamentos_esportivos,bola,0,0
1775,808,1327,Equipamentos_esportivos,peso,2,0
29199,808,1327,Equipamentos_esportivos,peso,0,0
3102,837,1327,Equipamentos_esportivos,bike,0,0
1812,837,1327,Equipamentos_esportivos,bike,5,0
2120,1,1338,Pessoas_por_atividade_de_lazer,turista,63,15
19202,1,1338,Pessoas_por_atividade_de_lazer,turista,0,0
2121,622,1338,Pessoas_por_atividade_de_lazer,visitante,13,0
25534,622,1338,Pessoas_por_atividade_de_lazer,visitante,0,0
31148,37439,1338,Pessoas_por_atividade_de_lazer,gamer,0,0
28478,37439,1338,Pessoas_por_atividade_de_lazer,gamer,1,0
28557,34096,1341,Atletas_por_esporte,surfista,0,0
28343,34096,1341,Atletas_por_esporte,surfista,1,2
1843,80,1342,Instalações_esportivas,arena,4,7
19894,80,1342,Instalações_esportivas,arena,0,0
1927,930,1349,Esportes,esgrima,2,1
28092,930,1349,Esportes,esgrima,0,0
28069,21138,1349,Esportes,escalada,1,0
28091,21138,1349,Esportes,escalada,0,0
51823,117021,1356,Jogadas_individuais,chutar,0,0
1971,117021,1356,Jogadas_individuais,chutar,3,0
24579,117223,1365,Sediar_evento,organizar,0,0
2416,117223,1365,Sediar_evento,organizar,1,0
23903,8746,1366,Assistir_a_evento,ver,0,0
24566,8746,1366,Assistir_a_evento,ver,6,0
2422,116877,1366,Assistir_a_evento,ir,9,0
23901,116877,1366,Assistir_a_evento,ir,0,0
38995,66299,1367,Afirmar_ou_negar,positivo,5,0
39886,66299,1367,Afirmar_ou_negar,positivo,2,0
35454,17365,1375,Partes_do_corpo,cintura,1,0
32315,17365,1375,Partes_do_corpo,cintura,2,0
40391,68134,1375,Partes_do_corpo,tireoide,0,0
35397,68134,1375,Partes_do_corpo,tireoide,5,1
19007,6665,1391,Nível_de_exerção_de_força,força,21,0
38567,6665,1391,Nível_de_exerção_de_força,força,5,0
34685,20452,1398,Proibir_ou_licenciar,embargo,3,0
34167,20452,1398,Proibir_ou_licenciar,embargo,1,0
24723,852,1414,Móveis,mesa,53,32
25563,852,1414,Móveis,mesa,0,0
25562,6578,1414,Móveis,cama,0,0
24318,6578,1414,Móveis,cama,30,13
24759,8665,1423,Serviço_em_alimentação,servir,11,2
25516,8665,1423,Serviço_em_alimentação,servir,0,0
32021,38323,1439,Fenômenos_naturais,amanhecer,1,0
32022,38323,1439,Fenômenos_naturais,amanhecer,2,0
52182,801,1451,Pessoas_por_gênero_e_ou_orientação_sexual,homem,0,0
52183,801,1451,Pessoas_por_gênero_e_ou_orientação_sexual,homem,0,0
39078,63007,1452,Descritor_de_gênero_e_ou_orientação_sexual,feminino,7,0
39079,63007,1452,Descritor_de_gênero_e_ou_orientação_sexual,feminino,2,0
40998,70773,1455,Línguas,libras,0,0
41012,70773,1455,Línguas,libras,1,0
34762,68898,1459,Padronagens,xadrez,1,0
34763,68898,1459,Padronagens,xadrez,1,0
36853,9487,1469,Pessoas_por_condição_em_saúde,paciente,602,0
24281,9487,1469,Pessoas_por_condição_em_saúde,paciente,341,0
42510,10643,1539,Causar_ficar_limpo,limpeza,2,0
42595,10643,1539,Causar_ficar_limpo,limpeza,3,0
40563,14549,1583,Gênero_literário_musical_cinematográfico,aventura,1,0
40564,14549,1583,Gênero_literário_musical_cinematográfico,aventura,2,0
