idFrame,name,namespace1,confidence1,namespace2,confidence2
908,Abandonment,@eventive,1,@causative,0.8
237,Abounding_with,@relation,1,,
469,Absorb_heat,@entity,0.95,@relation,0.8
721,Abundance,@attribute,1,,
404,Abusing,@causative,0.95,,
827,Access_scenario,@situation,1,,
1258,Accident,@situation,1,,
1488,Accident_description,ERROR,,,
1220,Accommodation,@entity,1,,
233,Accompaniment,@relation,1,,
675,Accomplishment,@transition,1,,
144,Accoutrements,@entity,1,,
845,Accuracy,@attribute,0.95,,
372,Achieving_first,@entity,1,@relation,0.8
612,Active_substance,@entity,1,@relation,0.8
113,Activity,@eventive,0.95,@entity,0.4
152,Activity_abandoned_state,@stative,1,,
164,Activity_done_state,@eventive,1,@transition,0.8
149,Activity_finish,@transition,1,,
1496,Activity_learning,ERROR,,,
148,Activity_ongoing,@eventive,0.95,@transition,0.7
151,Activity_pause,@transition,1,,
163,Activity_paused_state,@stative,1,,
154,Activity_prepare,@transition,0.95,,
153,Activity_ready_state,@entity,0.95,,
557,Activity_resume,@eventive,0.95,@transition,0.4
134,Activity_start,@eventive,1,@transition,0.8
150,Activity_stop,@eventive,1,,
1507,Activity_teaching,ERROR,,,
708,Actually_occurring_entity,@relation,1,,
191,Addiction,@entity,1,,
436,Adding_up,@eventive,1,@entity,0.8
1605,Addressing_initial,@pragmatic,1,,
720,Adducing,@relation,1,,
1192,Adjacency,@relation,1,,
630,Adjusting,@transition,0.95,,
711,Adopt_selection,@attribute,0.95,,
504,Aesthetics,@attribute,0.95,,
1367,Affirm_or_deny,@relation,1,,
491,Age,@attribute,0.95,,
1493,Age_descriptor,@attribute,0.95,,
94,Aggregate,@entity,1,,
857,Aging,@transition,0.95,,
741,Agree_or_refuse_to_act,@eventive,0.95,@relation,0.4
892,Agriculture,@entity,0.95,@relation,0.4
843,Aiming,@relation,0.95,@entity,0.4
899,Alignment_image_schema,@situation,1,,
1474,Allergens,ERROR,,,
704,Alliance,@relation,0.95,,
867,Alternatives,@situation,1,,
1208,Alternativity,@situation,1,,
458,Amalgamation,@entity,1,@relation,0.8
657,Amassing,@entity,1,@relation,0.8
518,Ambient_temperature,@attribute,0.95,@entity,0.4
696,Ammunition,@entity,1,,
434,Amounting_to,@attribute,0.95,,
1184,Animals,@entity,1,,
917,Annoyance,@experience,1,,
412,Appeal,@relation,0.95,,
1016,Appellations,@entity,1,,
1427,Appliances,@entity,1,,
212,Apply_heat,@eventive,0.95,@entity,0.4
862,Appointing,@transition,0.95,,
490,Architectural_part,@entity,1,@relation,0.8
978,Arithmetic,@entity,1,,
987,Arithmetic_commutative,@attribute,1,,
980,Arithmetic_non-commutative,@relation,1,,
1073,Armor,@entity,1,,
109,Arraignment,@eventive,1,,
481,Arranging,@transition,0.95,,
182,Arrest,@eventive,0.95,@causative,0.8
1224,Arrival,@eventive,0.95,,
1268,Arrival_at_destination,@transition,0.95,,
1266,Arrival_at_lodge,@eventive,1,@transition,0.8
48,Arriving,@transition,0.95,,
126,Arson,@causative,0.95,,
390,Artifact,@entity,1,,
1029,Artifact_subpart,@entity,1,,
760,Artificiality,@relation,1,,
1033,Artistic_style,@attribute,0.95,,
981,Assemble,@transition,1,,
423,Assessing,@relation,0.95,@experience,0.4
1089,Assigned_location,@entity,1,@relation,0.8
360,Assistance,@relation,1,,
1566,Assistive_Technology,@entity,0.95,,
203,Asymmetric_reciprocality,@relation,1,,
1281,Athletes,@entity,0.95,,
1282,Athletes_by_position,@entity,1,,
1341,Athletes_by_sport,@entity,1,,
358,Atonement,@causative,0.95,@transition,0.8
177,Attaching,@relation,0.95,,
393,Attack,@causative,0.95,,
105,Attempt,@eventive,0.95,@causative,0.75
1368,Attempting_and_resolving_scenario,@situation,1,,
1369,Attempt_action_scenario,@situation,1,,
842,Attempt_distant_interaction_scenario,@situation,1,,
946,Attempt_means,@eventive,0.95,@transition,0.4
887,Attempt_obtain_food_scenario,@situation,1,,
973,Attempt_obtain_mineral_scenario,@situation,1,,
80,Attempt_suasion,@relation,0.95,@pragmatic,0.4
907,Attending,@eventive,0.95,@entity,0.05
1366,Attend_event,@eventive,0.95,,
459,Attention,@stative,0.95,,
279,Attention_getting,@pragmatic,1,,
1141,Attitude_description,@stative,0.95,,
1223,Attracting_tourists,@entity,0.95,@relation,0.4
1240,Attraction_tourism,@entity,0.95,@relation,0.4
550,Attributed_information,@relation,1,,
485,Attributes,@attribute,1,,
1028,Authority,@relation,0.95,,
249,Avoiding,@transition,1,,
14,Awareness,@stative,1,,
1437,Awareness_change_scenario,@situation,1,,
1069,Awareness_situation,@experience,0.95,,
1070,Awareness_status,@stative,0.95,,
110,Bail_decision,@relation,1,,
1370,Basis_for_attribute,@relation,0.95,,
401,Bearing_arms,@entity,1,,
929,Beat_opponent,@relation,1,,
1435,Becoming,@transition,0.95,@entity,0.6
280,Becoming_attached,@relation,0.95,,
15,Becoming_aware,@experience,0.95,,
788,Becoming_a_member,@entity,1,@relation,0.8
1473,Becoming_a_patient,ERROR,,,
641,Becoming_detached,@transition,1,,
906,Becoming_dry,@entity,1,,
825,Becoming_separated,@transition,0.95,,
1371,Becoming_silent,@eventive,0.95,@stative,0.4
1061,Becoming_visible,@transition,1,,
1584,Bedding,@entity,1,,
378,Behind_the_scenes,@entity,1,,
685,Being_active,@causative,0.95,,
281,Being_attached,@relation,0.95,,
691,Being_at_risk,@situation,0.9,@stative,0.8
767,Being_awake,@stative,1,,
461,Being_born,@entity,0.95,,
1540,Being_clean,ERROR,,,
1372,Being_contained_within,@relation,1,,
643,Being_detached,@transition,1,,
310,Being_dry,@stative,1,,
257,Being_employed,@entity,1,@relation,0.8
1603,Being_free,@stative,1,,
1490,Being_hurt,ERROR,,,
1115,Being_incarcerated,@entity,1,@relation,0.8
817,Being_included,@relation,1,,
1114,Being_in_captivity,@entity,1,,
815,Being_in_category,@relation,1,,
807,Being_in_control,@relation,0.95,,
668,Being_in_effect,@attribute,0.95,,
475,Being_in_operation,@entity,1,,
483,Being_located,@entity,1,,
205,Being_named,@entity,1,,
558,Being_necessary,@stative,1,,
361,Being_obligated,@causative,0.9,@experience,0.7
564,Being_obligatory,@relation,0.95,,
586,Being_operational,@stative,1,,
1205,Being_pregnant,@experience,0.95,@entity,0.4
1373,Being_questionable,@relation,1,,
1042,Being_relevant,@relation,1,,
318,Being_rotted,@eventive,0.95,@attribute,0.4
649,Being_up_to_it,@entity,1,,
304,Being_wet,@stative,1,,
813,Besieging,@eventive,1,@causative,0.8
328,Beyond_compare,@relation,1,,
634,Be_in_agreement_on_action,@relation,0.95,,
665,Be_in_agreement_on_assessment,@relation,1,,
1151,Be_on_alert,@eventive,0.95,@experience,0.8
814,Be_subset_of,@relation,1,,
755,Be_translation_equivalent,@relation,1,,
1374,Billing,@relation,0.95,,
173,Biological_area,@entity,1,,
1135,Biological_classification,@entity,1,@relation,0.8
1050,Biological_entity,@entity,1,,
1587,Biological_entity_by_eating_habits,@entity,1,,
1157,Biological_mechanisms,@transition,0.95,,
363,Biological_urge,@experience,1,,
1165,Birth_scenario,@situation,1,,
745,Board_vehicle,@entity,1,@relation,0.8
273,Body_decoration,@entity,1,@relation,0.8
143,Body_description_holistic,@attribute,1,,
211,Body_description_part,@attribute,1,,
362,Body_mark,@entity,1,@relation,0.75
11,Body_movement,@eventive,0.95,@entity,0.4
1375,Body_parts,@entity,1,,
1471,Body_substances,ERROR,,,
1014,Bond_maturation,@transition,0.95,,
1161,Borrowing,@eventive,0.95,@relation,0.6
396,Boulder,@eventive,1,@entity,0.8
301,Boundary,@relation,1,,
213,Bounded_entity,@situation,1,,
898,Bounded_region,@situation,1,,
740,Bragging,@pragmatic,1,,
824,Breaking_apart,@transition,0.95,,
822,Breaking_off,@transition,0.95,,
1109,Breaking_out_captive,@causative,0.95,,
247,Breathing,@eventive,1,@transition,0.8
216,Bringing,@transition,1,,
234,Building,@transition,1,,
157,Buildings,@entity,1,,
169,Building_subparts,@entity,1,,
241,Bungling,@causative,0.95,,
1154,Burying,@causative,0.95,,
337,Businesses,@entity,1,,
1067,Business_closure,@situation,1,,
1057,Cache,@entity,0.95,@relation,0.4
206,Calendric_unit,@entity,0.95,@relation,0.75
26,Candidness,@attribute,1,,
498,Capability,@entity,1,,
951,Capacity,@entity,1,,
1123,Capital_stock,@entity,1,,
196,Cardinal_numbers,@entity,0.95,@relation,0.8
821,Carry_goods,@entity,1,,
104,Catastrophe,@eventive,1,,
1172,Catching_fire,@eventive,1,@situation,0.8
16,Categorization,@relation,1,,
1,Causation,@causative,1,,
195,Causation_scenario,@situation,1,,
1149,Cause_benefit_or_detriment,@causative,0.95,,
1008,Cause_bodily_experience,@causative,0.95,@experience,0.6
442,Cause_change,@transition,0.95,@causative,0.8
353,Cause_change_of_consistency,@causative,1,,
307,Cause_change_of_phase,@causative,1,,
89,Cause_change_of_position_on_a_scale,@transition,1,,
798,Cause_change_of_strength,@causative,0.95,,
910,Cause_emotion,@causative,1,,
71,Cause_expansion,@causative,1,,
480,Cause_fluidic_motion,@causative,1,,
102,Cause_harm,@causative,0.95,,
1470,Cause_health_condition,ERROR,,,
364,Cause_impact,@causative,1,,
49,Cause_motion,@transition,0.95,,
847,Cause_proliferation_in_number,@causative,0.95,,
306,Cause_temperature_change,@causative,1,,
9,Cause_to_amalgamate,@causative,1,,
1539,Cause_to_be_clean,ERROR,,,
309,Cause_to_be_dry,@causative,1,,
974,Cause_to_be_included,@causative,1,,
603,Cause_to_be_sharp,@causative,1,,
283,Cause_to_be_wet,@causative,1,,
1171,Cause_to_burn,@causative,0.95,,
520,Cause_to_continue,@causative,0.95,,
551,Cause_to_end,@causative,1,,
263,Cause_to_experience,@causative,1,,
383,Cause_to_fragment,@causative,0.95,,
1094,Cause_to_land,@causative,0.95,,
466,Cause_to_make_noise,@causative,1,,
622,Cause_to_make_progress,@causative,0.95,,
251,Cause_to_move_in_place,@causative,0.95,,
956,Cause_to_perceive,@experience,0.95,@causative,0.8
628,Cause_to_resume,@causative,1,,
990,Cause_to_rot,@causative,1,,
351,Cause_to_start,@causative,1,,
267,Cause_to_wake,@transition,1,@causative,0.9
936,Ceasing_to_be,@situation,1,,
1352,Ceremonies,@situation,1,,
129,Certainty,@stative,1,,
1571,Change,@transition,1,,
1127,Change_accessibility,@transition,0.95,,
753,Change_direction,@transition,1,,
796,Change_event_duration,@transition,1,,
444,Change_event_time,@transition,1,,
313,Change_of_consistency,@transition,1,,
66,Change_of_leadership,@transition,0.95,,
308,Change_of_phase,@transition,1,,
602,Change_of_phase_scenario,@situation,1,,
970,Change_of_quantity_of_possession,@transition,1,,
464,Change_of_temperature,@transition,0.95,,
774,Change_operational_state,@transition,1,,
84,Change_position_on_a_scale,@attribute,0.95,,
1376,Change_post-state,@entity,1,,
457,Change_posture,@transition,0.95,,
799,Change_resistance,@transition,0.95,,
568,Change_tool,@transition,0.95,,
1137,Chaos,@stative,1,,
479,Chatting,@relation,1,,
246,Chemical-sense_description,@attribute,1,,
1152,Chemical_potency,@attribute,1,,
324,Choosing,@experience,0.95,,
1077,Circumscribed_existence,@entity,1,,
1377,Citing,@eventive,1,,
1590,Civil_rights_and_duties,@entity,1,,
430,Claim_ownership,@relation,1,,
530,Clemency,@causative,0.95,,
229,Closure,@entity,1,@relation,0.8
123,Clothing,@attribute,0.95,@entity,0.4
174,Clothing_parts,@entity,1,,
1378,Co-association,@relation,0.95,,
1260,Coaching_staff,@entity,1,,
17,Cogitation,@stative,0.95,@entity,0.4
449,Cognitive_connection,@relation,1,,
810,Coincidence,@situation,1,,
387,Collaboration,@relation,1,,
897,Collocation_image_schema,@situation,1,,
802,Colonization,@eventive,0.95,@relation,0.6
392,Color,@attribute,1,,
997,Color_qualities,@attribute,1,,
1379,Come_down_with,@entity,1,@relation,0.8
1206,Come_into_effect,@transition,0.95,@entity,0.4
454,Come_together,@transition,0.95,,
288,Coming_to_be,@entity,1,,
18,Coming_to_believe,@experience,0.95,@entity,0.4
22,Coming_up_with,@experience,1,,
236,Commemorative,@relation,1,,
155,Commerce_buy,@eventive,0.95,@entity,0.8
188,Commerce_collect,@eventive,0.95,@entity,0.4
189,Commerce_goods-transfer,@relation,1,,
187,Commerce_money-transfer,@eventive,0.95,@relation,0.4
162,Commerce_pay,@eventive,1,,
76,Commerce_scenario,@situation,1,,
156,Commerce_sell,@eventive,0.95,@entity,0.8
159,Commercial_transaction,@eventive,1,@relation,0.75
27,Commitment,@relation,1,,
446,Committing_crime,@eventive,0.95,@causative,0.8
1111,Commonality,@entity,0.95,,
1613,Common_ground,@pragmatic,1,,
463,Communicate_categorization,@relation,1,,
2,Communication,@relation,1,,
32,Communication_manner,@relation,1,,
218,Communication_means,@relation,1,,
33,Communication_noise,@relation,1,,
36,Communication_response,@relation,1,,
1579,Communicative_context,@relation,1,,
531,Commutation,@relation,1,,
985,Commutative_process,@entity,1,,
986,Commutative_statement,@attribute,1,,
332,Compatibility,@relation,1,,
217,Competition,@eventive,0.95,@relation,0.4
737,Complaining,@eventive,0.95,@relation,0.4
683,Completeness,@attribute,1,,
106,Compliance,@relation,0.95,,
955,Concessive,@pragmatic,1,,
1195,Conditional_occurrence,@situation,1,,
1194,Conditional_scenario,@situation,1,,
1146,Condition_symptom_relation,@relation,1,,
407,Conduct,@entity,1,@relation,0.75
1569,Configuration_relation,@relation,1,,
1578,Confirmation_of_attention,@pragmatic,1,,
921,Confronting_problem,@experience,1,@entity,0.8
510,Connecting_architecture,@relation,1,,
388,Connectors,@entity,1,,
900,Conquering,@causative,0.95,@transition,0.6
261,Contacting,@eventive,0.95,@relation,0.4
902,Contact_image_schema,@situation,1,,
72,Containers,@entity,1,,
1007,Container_focused_placing,@eventive,0.95,@causative,0.8
1005,Container_focused_removing,@causative,0.95,,
366,Containing,@relation,1,,
1380,Containment_scenario,@situation,1,,
476,Contingency,@relation,0.95,,
714,Continued_state_of_affairs,@situation,1,,
1034,Contrary_circumstances,@situation,1,,
1611,Contrast,@pragmatic,1,,
352,Contrition,@experience,0.95,@stative,0.6
806,Control,@relation,1,,
1099,Controller_object,@relation,0.95,,
688,Convey_importance,@relation,1,,
1071,Convoy,@entity,1,@relation,0.8
243,Cooking_creation,@eventive,0.95,@entity,0.4
199,Corporal_punishment,@causative,0.95,,
670,Correctness,@relation,0.95,,
320,Corroding,@attribute,0.95,@entity,0.4
322,Corroding_caused,@causative,0.95,@transition,0.4
1602,Corruption,@eventive,1,,
1593,Cosmetics,@entity,1,,
50,Cotheme,@transition,1,,
1597,Count,@stative,1,,
1119,Counterattack,@causative,0.95,@eventive,0.8
1516,Course,ERROR,,,
415,Court_examination,@relation,1,,
496,Craft,@entity,0.95,,
758,Create_physical_artwork,@entity,1,@relation,0.8
757,Create_representation,@entity,0.95,@relation,0.6
291,Creating,@causative,0.95,,
1269,Crime,@eventive,0.95,@relation,0.4
445,Crime_scenario,@situation,1,,
408,Criminal_investigation,@eventive,0.95,@causative,0.8
180,Criminal_process,@eventive,1,@relation,0.8
1246,Crowd,@entity,1,,
1306,Crowd_reactions,@situation,1,,
44,Cure,@causative,0.95,,
350,Custom,@relation,0.95,,
240,Cutting,@eventive,1,@causative,0.8
934,Cycle_of_existence_scenario,@situation,1,,
938,Cycle_of_life_and_death,@entity,1,,
384,Damaging,@causative,1,,
344,Daring,@eventive,1,,
284,Dead_or_alive,@stative,1,,
47,Death,@eventive,0.95,@causative,0.8
1079,Deception_end,@causative,0.95,,
1078,Deception_scenario,@situation,1,,
1054,Deception_success,@causative,0.95,@experience,0.4
335,Deciding,@experience,1,,
613,Defending,@eventive,0.95,@causative,0.8
884,Degree,@attribute,1,,
560,Degree_of_processing,@entity,1,@relation,0.8
1261,Delegation,@entity,0.95,,
766,Delimitation_of_diversity,@attribute,0.95,,
944,Delimited_state_scenario,@situation,1,,
617,Delivery,@eventive,1,@transition,0.8
1381,Deny_or_grant_permission,@relation,1,,
51,Departing,@transition,0.95,@entity,0.4
1467,Description_of_symptom_or_health_condition,ERROR,,,
1465,Description_oriented_by_body_part,ERROR,,,
429,Deserving,@situation,0.95,,
326,Desirability,@attribute,1,,
636,Desirable_event,@stative,0.95,,
338,Desiring,@experience,1,,
808,Destiny,@situation,1,,
386,Destroying,@causative,0.95,,
640,Detaching,@causative,0.95,,
286,Detaining,@entity,1,@relation,0.8
1056,Detonate_explosive,@causative,0.95,,
1484,Diagnosing,ERROR,,,
19,Differentiation,@relation,1,,
345,Difficulty,@experience,0.95,,
99,Dimension,@attribute,0.95,,
1253,Dining,@entity,1,,
193,Direction,@transition,0.95,@entity,0.6
1200,Directional_locative_relation,@relation,1,,
1329,Direct_fouls,@eventive,1,,
1565,Disability,@entity,1,@situation,0.8
1175,Disaster_scenario,@situation,1,,
1600,Discursive_deixis,@pragmatic,1,,
28,Discussion,@relation,1,,
1272,Disease,@entity,1,,
746,Disembarking,@transition,1,,
731,Disgraceful_situation,@situation,1,,
242,Dispersal,@causative,0.95,,
1534,Display_of_affection,ERROR,,,
1438,Distance_scenario,@situation,1,,
1104,Distant_operated_IED,@eventive,1,,
542,Distinctiveness,@attribute,1,,
1203,Distributed_abundanced,@entity,1,,
70,Distributed_position,@relation,1,,
838,Diversity,@attribute,0.95,,
431,Documents,@entity,1,@relation,0.8
606,Dodging,@transition,0.95,,
399,Domain,@situation,0.95,,
804,Dominate_competitor,@entity,1,@relation,0.8
803,Dominate_situation,@causative,0.95,,
805,Domination,@causative,0.95,@relation,0.4
647,Dough_rising,@eventive,1,@transition,0.75
1092,Downing,@causative,1,,
1520,Do_phisical_activity,ERROR,,,
588,Dressing,@entity,1,@relation,0.8
1532,Drilling,ERROR,,,
875,Drop_in_on,@entity,1,@relation,0.8
963,Dunking,@transition,0.95,,
7,Duplication,@entity,1,@relation,0.7
73,Duration_description,@attribute,1,,
942,Duration_relation,@relation,0.95,,
943,Duration_scenario,@situation,1,,
922,Dying,@stative,1,,
1382,Dynamic_situation_scenario,@situation,1,,
1383,Dynamism,@transition,1,,
829,Earnings_and_losses,@eventive,0.95,@entity,0.8
1586,Eating_habits,@entity,0.95,,
438,Eclipse,@situation,1,,
702,Economy,@entity,1,,
1505,educational_institution,ERROR,,,
1495,Educational_institution_attribute,ERROR,,,
1509,Educational_time_division,ERROR,,,
1494,Education_professional,ERROR,,,
101,Education_teaching,@eventive,1,@relation,0.8
684,Electricity,@attribute,1,,
1221,Elimination_tournament,@transition,0.95,,
608,Elusive_goal,@experience,0.95,@situation,0.4
333,Emanating,@eventive,1,@relation,0.8
1176,Emergency,@situation,1,,
1179,Emergency_fire,@eventive,0.95,@situation,0.4
331,Emitting,@eventive,1,,
779,Emotions,@experience,1,@entity,0.8
919,Emotions_by_possibility,@experience,0.95,,
911,Emotions_by_stimulus,@experience,0.95,@entity,0.4
914,Emotions_of_mental_activity,@experience,1,,
912,Emotions_success_or_failure,@experience,0.95,@eventive,0.6
40,Emotion_directed,@experience,1,,
43,Emotion_heat,@experience,1,,
687,Emphasizing,@relation,0.95,@pragmatic,0.8
521,Employee_scenario,@situation,1,,
522,Employer_scenario,@situation,1,,
295,Employing,@entity,1,@relation,0.8
473,Employment_continue,@entity,0.95,@relation,0.4
474,Employment_end,@relation,1,,
293,Employment_scenario,@situation,1,,
472,Employment_start,@relation,1,,
52,Emptying,@eventive,0.95,@transition,0.4
29,Encoding,@entity,1,@relation,0.8
991,Encounter,@relation,1,,
437,Endangering,@causative,0.95,@eventive,0.8
1083,Endeavor_failure,@transition,0.95,,
811,Enforcing,@causative,0.95,,
119,Entering_of_plea,@eventive,0.95,@relation,0.4
1265,Entertainment,@entity,0.95,,
1036,Enter_awareness,@experience,1,,
226,Entity,@entity,1,,
1567,Entity_relation,@relation,1,,
1068,Entourage,@relation,1,,
1604,Enumerating,@pragmatic,1,,
1477,Epidemic,ERROR,,,
1612,Epistemic_stance,@pragmatic,1,,
1031,Erasing,@causative,1,,
248,Escaping,@transition,1,,
673,Estimated_value,@experience,0.95,,
671,Estimating,@experience,0.95,,
250,Evading,@eventive,0.95,@transition,0.4
325,Evaluative_comparison,@relation,0.95,,
168,Event,@eventive,1,,
1542,Eventive,ERROR,,,
81,Eventive_affecting,@transition,0.95,@eventive,0.4
90,Eventive_cognizer_affecting,@experience,0.95,,
1384,Event_endstate,@stative,1,,
1385,Event_initial_state,@transition,1,,
952,Event_instance,@eventive,0.95,,
1229,Event_tourism,@eventive,1,@transition,0.8
20,Evidence,@relation,1,,
502,Evoking,@relation,0.95,,
98,Examination,@relation,0.95,@eventive,0.8
565,Exchange,@relation,1,,
577,Exchange_currency,@eventive,0.95,@relation,0.4
540,Exclude_member,@relation,1,,
245,Excreting,@eventive,0.95,@entity,0.4
783,Execute_plan,@eventive,0.95,@relation,0.4
202,Execution,@causative,0.95,,
993,Exemplar,@entity,1,@relation,0.8
994,Exemplariness,@entity,1,,
1017,Exercising,@eventive,1,@entity,0.8
439,Existence,@entity,1,,
452,Expansion,@transition,1,,
21,Expectation,@experience,0.95,,
735,Expected_location_of_person,@entity,1,,
972,Expend_resource,@eventive,1,@causative,0.8
77,Expensiveness,@eventive,1,@attribute,0.8
42,Experiencer_focused_emotion,@experience,1,,
354,Experience_bodily_harm,@experience,1,,
1124,Experimentation,@experience,0.95,@relation,0.75
125,Expertise,@entity,1,,
653,Explaining_the_facts,@relation,0.95,,
1058,Explosion,@eventive,0.95,@causative,0.8
699,Exporting,@entity,1,@relation,0.9
738,Expressing_publicly,@eventive,0.95,@entity,0.4
626,Extradition,@relation,1,,
703,Extreme_point,@transition,1,,
715,Extreme_value,@attribute,1,,
147,Facial_expression,@entity,1,@relation,0.8
346,Fairness_evaluation,@relation,1,,
266,Fall_asleep,@stative,0.95,@transition,0.6
1053,Fall_for,@experience,1,@causative,0.8
830,Fame,@entity,0.95,@relation,0.4
716,Familiarity,@relation,0.95,@attribute,0.6
717,Fastener,@entity,1,,
920,Fear,@experience,1,,
1535,Feeding,ERROR,,,
1582,Feeding,@relation,0.95,,
365,Feeling,@experience,0.95,,
8,Feigning,@experience,0.95,@situation,0.4
618,Fields,@entity,1,@relation,0.8
432,Fighting_activity,@eventive,1,@transition,0.6
53,Filling,@eventive,0.95,@transition,0.4
1238,Finals,@eventive,1,@transition,0.8
200,Fining,@eventive,0.95,@relation,0.4
465,Finish_competition,@eventive,0.95,@relation,0.4
964,Finish_game,@eventive,0.95,@attribute,0.4
1177,Firefighting,@situation,1,,
1181,Fire_break,@entity,1,,
1170,Fire_burning,@eventive,1,@causative,0.8
1178,Fire_emergency_scenario,@situation,1,,
1168,Fire_end_scenario,@situation,1,,
1169,Fire_going_out,@eventive,1,@transition,0.8
1167,Fire_stopping_scenario,@situation,1,,
298,Firing,@eventive,0.95,@causative,0.8
1106,Firing_point,@entity,1,@relation,0.8
512,First_experience,@experience,1,,
371,First_rank,@relation,1,,
759,Fleeing,@transition,0.95,,
317,Fluidic_motion,@transition,0.95,@entity,0.8
252,Food,@entity,1,,
888,Food_gathering,@entity,1,@relation,0.8
1423,Food_service,@entity,0.95,@relation,0.4
658,Foreign_or_domestic_country,@relation,1,,
761,Forging,@causative,0.95,,
370,Forgiveness,@relation,1,,
607,Forgoing,@stative,0.95,@relation,0.4
450,Forming_relationships,@relation,0.95,,
823,Fragmentation_scenario,@situation,1,,
1116,Freeing_from_confinement,@causative,1,,
74,Frequency,@attribute,0.95,,
468,Friction,@relation,1,,
1117,Friendly_or_hostile,@relation,1,,
1337,frm_becoming_nonfunctional,@transition,0.95,@entity,0.4
1448,frm_eating_event,@eventive,1,,
1449,frm_ferramenta,ERROR,,,
1453,frm_lateralidade,ERROR,,,
1457,frm_modelo_político_econômico,ERROR,,,
1459,frm_patterns,ERROR,,,
1440,frm_people_by_transit_mode,@entity,0.95,,
1447,frm_vinculação,@relation,1,,
789,Front_for,@relation,1,,
78,Frugality,@attribute,0.95,,
1125,Fugitive,@entity,0.95,@relation,0.4
220,Fullness,@attribute,1,,
1040,Function,@relation,1,,
1386,Funding,@relation,1,,
1414,Furniture,@entity,1,,
235,Gathering_up,@transition,1,,
1452,Gender_or_sexual_orientation_descriptor,@attribute,1,,
30,Gesture,@relation,0.95,,
161,Getting,@transition,1,,
584,Getting_scenario,@situation,1,,
1387,Getting_triggered,@eventive,1,,
747,Getting_underway,@transition,1,,
646,Getting_up,@transition,0.95,@entity,0.6
637,Getting_vehicle_underway,@eventive,0.95,@transition,0.4
296,Get_a_job,@entity,1,@relation,0.8
1275,Get_document,@entity,1,@relation,0.8
61,Give_impression,@experience,0.95,@attribute,0.4
127,Giving,@relation,1,,
256,Giving_birth,@entity,1,,
666,Giving_in,@eventive,1,,
583,Giving_scenario,@situation,1,,
97,Gizmo,@entity,0.95,,
571,Goal,@transition,1,,
697,Going_back_on_a_commitment,@causative,1,@eventive,0.95
1100,Government_institution,@entity,1,,
1270,Go_dancing,@experience,0.95,@relation,0.4
950,Go_into_shape,@transition,0.95,,
1293,Go_places,@transition,0.95,,
1274,Go_shopping,@entity,1,@relation,0.8
1150,Gradable_artistic_quality,@attribute,0.95,,
503,Gradable_attributes,@attribute,1,,
1193,Gradable_proximity,@relation,1,,
1594,Grammatical_person,@entity,0.95,,
1038,Graph_shape,@entity,1,@relation,0.8
495,Grasp,@stative,0.95,,
1557,Greeting,@pragmatic,1,,
323,Grinding,@causative,0.95,@transition,0.8
145,Grooming,@entity,1,@relation,0.8
329,Ground_up,@stative,1,,
893,Growing_food,@entity,0.95,@relation,0.4
836,Guest_and_host,@relation,0.95,,
536,Guilt_or_innocence,@eventive,1,,
1051,Gusto,@stative,1,,
115,Hair_configuration,@entity,0.95,@attribute,0.4
509,Halt,@entity,1,,
868,Have_associated,@entity,1,,
660,Have_as_requirement,@relation,1,,
754,Have_as_translation_equivalent,@relation,0.95,,
880,Have_visitor_over,@relation,1,,
706,Having_commercial_agreement,@relation,1,,
826,Having_or_lacking_access,@relation,0.95,,
1483,Healthcare_service,ERROR,,,
215,Health_conditions,@entity,1,,
1478,Health_exam,ERROR,,,
46,Health_response,@entity,1,@relation,0.8
31,Hearsay,@eventive,1,@experience,0.8
1001,Heat_potential,@attribute,0.95,,
1209,Hedging,@pragmatic,1,,
519,Heralding,@eventive,0.95,@relation,0.4
765,Hiding_objects,@causative,0.95,,
402,Hindering,@transition,0.95,,
1216,Hire_provide_touristic_services,@relation,1,,
294,Hiring,@relation,1,,
850,Historic_event,@situation,1,,
940,History,@entity,1,,
939,History_scenario,@situation,1,,
844,Hit_or_miss,@eventive,0.95,@transition,0.4
406,Hit_target,@causative,0.95,@eventive,0.8
705,Holding_off_on,@transition,0.95,,
1262,Hospital,@entity,1,,
882,Hospitality,@relation,0.95,,
86,Hostile_encounter,@eventive,0.95,@relation,0.4
1365,Hosting_event,@eventive,1,@entity,0.8
886,Hunting,@entity,0.95,@eventive,0.8
889,Hunting_scenario,@situation,1,,
890,Hunting_success_or_failure,@eventive,0.95,@entity,0.75
1585,Hypertext_access,@entity,1,,
513,Identicality,@relation,1,,
1388,Identity,@entity,1,,
1389,Identity_scenario,@situation,1,,
497,Idiosyncrasy,@entity,1,,
895,Image_schema,@situation,1,,
764,Imitating,@relation,1,,
225,Immobilization,@entity,1,@relation,0.8
285,Impact,@eventive,0.95,@relation,0.6
376,Importance,@attribute,0.95,,
698,Importing,@entity,1,@relation,0.8
391,Import_export_scenario,@situation,1,,
663,Imposing_obligation,@relation,1,,
996,Impression,@relation,1,,
537,Imprisonment,@entity,0.95,@relation,0.8
1390,Improvement_or_decline,@transition,1,,
1084,Improvised_explosive_device,@entity,1,,
347,Inclination,@attribute,0.95,,
554,Inclusion,@relation,1,,
816,Inclusion_scenario,@situation,1,,
500,Increment,@transition,0.95,,
933,Indicating,@relation,1,,
690,Indigenous_origin,@entity,1,,
1330,Indirect_fouls,@entity,1,,
848,Individual_history,@situation,1,,
1356,Individual_moves,@entity,0.95,,
866,Ineffability,@experience,0.95,@attribute,0.4
1188,Infecting,@causative,0.95,@eventive,0.8
1027,Influencing_potential,@relation,0.95,,
712,Information,@experience,0.95,,
1098,Information_display,@entity,1,@relation,0.8
1316,Infractions,@eventive,0.95,@relation,0.4
656,Infrastructure,@entity,0.95,@relation,0.4
238,Ingestion,@eventive,1,,
356,Ingest_substance,@entity,1,@relation,0.8
621,Ingredients,@entity,1,@relation,0.8
1144,Inherent_purpose,@attribute,1,,
1108,Inhibit_motion_scenario,@situation,1,,
221,Inhibit_movement,@causative,0.95,@entity,0.8
599,Inspecting,@transition,0.95,,
686,Installing,@eventive,0.95,@relation,0.4
121,Instance,@entity,1,,
736,Institutionalization,@entity,0.95,@relation,0.6
723,Institutions,@entity,1,,
178,Intentionally_act,@entity,1,@experience,0.8
207,Intentionally_affect,@causative,1,,
255,Intentionally_create,@entity,1,,
1052,Intentional_deception,@causative,0.95,,
748,Intentional_traversing,@transition,0.95,,
1357,Interactive_moves,@relation,1,,
677,Intercepting,@relation,0.95,,
572,Interior_profile_relation,@relation,0.95,@situation,0.8
839,Interrupt_process,@causative,0.95,,
359,Intoxicants,@entity,1,,
192,Intoxication,@eventive,0.95,@experience,0.4
901,Invading,@eventive,0.95,@transition,0.4
903,Invasion_scenario,@situation,1,,
1072,Irregular_combatants,@entity,1,@relation,0.8
389,Isolated_places,@entity,1,,
23,Judgment,@experience,0.95,,
197,Judgment_communication,@relation,1,,
448,Judgment_direct_address,@relation,1,,
1148,Judgment_of_intensity,@attribute,0.95,,
726,Judicial_body,@entity,1,,
270,Jury_deliberation,@entity,1,@relation,0.8
416,Justifying,@experience,0.95,@relation,0.4
918,Just_found_out,@experience,1,,
1156,Key,@entity,1,,
111,Kidnapping,@eventive,1,@causative,0.8
433,Killing,@causative,1,,
95,Kinship,@entity,1,,
223,Knot_creation,@entity,1,@eventive,0.8
777,Knot_creation_scenario,@situation,1,,
594,Labeling,@relation,0.95,,
958,Labor_product,@eventive,1,@causative,0.8
1455,Languages,@entity,1,,
1504,Language__ability,ERROR,,,
926,Launch_process,@transition,0.95,,
482,Law,@relation,0.95,@entity,0.4
1101,Law_enforcement_agency,@entity,1,,
67,Leadership,@relation,0.95,,
1035,Leaving_traces,@entity,0.95,@relation,0.85
516,Left_to_do,@eventive,0.95,@entity,0.4
409,Legality,@attribute,1,,
931,Legal_rulings,@eventive,0.95,@relation,0.6
1160,Lending,@eventive,1,@relation,0.8
1391,Level_of_force_exertion,@eventive,0.95,@attribute,0.4
1392,Level_of_force_resistance,@transition,0.95,,
1140,Level_of_light,@situation,0.95,,
120,Light_movement,@transition,1,,
103,Likelihood,@situation,1,,
1143,Limitation,@attribute,1,,
1142,Limiting,@causative,0.95,,
375,Linguistic_meaning,@entity,0.95,@relation,0.6
1583,Literary_musical_cinematic_genre,@entity,1,,
846,Lively_place,@entity,1,,
1048,Living_conditions,@experience,0.95,,
172,Locale,@entity,1,,
1128,Locale_by_characteristic_entity,@entity,1,@relation,0.8
1087,Locale_by_collocation,@entity,1,,
858,Locale_by_event,@entity,1,,
960,Locale_by_ownership,@entity,1,,
176,Locale_by_use,@entity,1,@relation,0.8
1082,Locale_closure,@situation,1,,
460,Locating,@relation,1,,
953,Location_in_time,@situation,1,,
96,Location_of_light,@situation,1,,
1207,Location_on_path,@entity,1,@relation,0.8
1598,Locative_deixis,@situation,0.95,,
179,Locative_relation,@relation,1,,
1162,Locative_scenario,@situation,1,,
856,Lodging_scenario,@situation,1,,
184,Lose_possession,@eventive,0.95,,
190,Lose_possession_scenario,@situation,1,,
966,Losing,@situation,1,,
494,Losing_it,@transition,0.95,,
965,Losing_someone,@experience,0.95,@situation,0.4
967,Losing_track_of,@situation,1,,
969,Losing_track_of_perceiver,@transition,0.95,,
968,Losing_track_of_theme,@experience,1,,
809,Luck,@stative,1,,
1462,Machinery,ERROR,,,
1531,Maintenance,ERROR,,,
529,Make_acquaintance,@entity,0.95,@relation,0.4
616,Make_agreement_on_action,@relation,0.95,,
227,Make_cognitive_connection,@relation,1,,
1129,Make_compromise,@relation,1,,
63,Make_noise,@eventive,0.95,@entity,0.4
1183,Making_arrangements,@transition,0.95,,
462,Making_faces,@entity,1,@relation,0.8
85,Manipulate_into_doing,@experience,0.95,@causative,0.6
949,Manipulate_into_shape,@transition,0.95,,
12,Manipulation,@relation,1,,
1047,Manner,@relation,1,,
1046,Manner_of_life,@experience,1,@entity,0.8
377,Manufacturing,@eventive,0.95,@entity,0.4
693,Margin_of_resolution,@attribute,0.95,,
259,Mass_motion,@transition,0.95,,
232,Materials_used_in_healthcare,@entity,1,,
1147,Mathematical_relationship,@relation,1,,
800,Means,@relation,1,,
1292,Means_of_transportation,@entity,1,,
486,Measurable_attributes,@attribute,1,,
772,Measures,@attribute,1,@entity,0.8
142,Measure_area,@attribute,0.95,,
467,Measure_by_action,@attribute,0.95,,
201,Measure_duration,@attribute,1,,
135,Measure_mass,@attribute,0.95,,
140,Measure_of_distance_and_length,@attribute,1,,
773,Measure_scenario,@situation,1,,
141,Measure_volume,@attribute,1,,
1138,Medical_interaction_scenario,@situation,1,,
1155,Medical_intervention,@entity,1,@relation,0.8
230,Medical_professionals,@entity,1,,
231,Medical_specialties,@entity,1,,
1466,Medicines,ERROR,,,
885,Medium,@relation,1,,
979,Meet_specifications,@transition,0.95,,
982,Meet_with,@relation,1,,
976,Meet_with_response,@eventive,0.95,@relation,0.4
511,Membership,@entity,1,@relation,0.8
1112,Member_of_military,@entity,1,,
541,Memorization,@entity,1,@relation,0.8
124,Memory,@stative,1,,
778,Mental_activity,@experience,1,,
24,Mental_property,@attribute,1,,
913,Mental_stimulus_exp_focus,@experience,1,,
915,Mental_stimulus_stimulus_focus,@experience,1,,
932,Mention,@relation,0.95,,
1610,Metacommunicative_comment,@pragmatic,1,,
672,Military,@entity,1,@relation,0.8
1118,Military_operation,@eventive,1,@relation,0.8
1002,Mining,@entity,1,,
533,Misdeed,@entity,0.95,@relation,0.4
791,Money,@entity,1,,
341,Morality_evaluation,@relation,1,@attribute,0.8
3,Motion,@transition,1,,
334,Motion_directional,@transition,0.95,@eventive,0.8
54,Motion_noise,@eventive,0.95,@transition,0.6
214,Motion_scenario,@situation,1,,
1289,Moves,@entity,1,,
440,Moving_in_place,@transition,0.95,,
1441,Musical_instruments,@entity,1,,
595,Namesake,@entity,1,,
198,Name_conferral,@relation,1,,
1276,Natural_disaster,@situation,1,,
171,Natural_features,@situation,1,,
1439,Natural_phenomena,@situation,1,,
629,Needing,@experience,0.95,@relation,0.4
1189,Negation,@situation,0.95,,
1196,Negative_conditional,@situation,0.95,,
730,Network,@entity,1,,
505,Noise_makers,@entity,1,,
988,Non-commutative_process,@entity,1,,
989,Non-commutative_statement,@entity,1,,
1190,Non-gradable_proximity,@relation,1,,
1080,Noncombatant,@entity,1,,
1043,Notability,@entity,1,,
118,Notification_of_charges,@eventive,0.95,@relation,0.4
863,Nuclear_process,@entity,1,@transition,0.8
528,Objective_influence,@transition,0.95,,
1517,Object_of_knowledge,ERROR,,,
662,Obligation_scenario,@situation,1,,
831,Obscurity,@entity,1,,
625,Obviousness,@attribute,1,,
633,Occupy_rank,@entity,1,@relation,0.8
400,Offenses,@eventive,0.95,,
983,Offering,@eventive,0.95,@relation,0.4
1393,Offshoot,@entity,1,@relation,0.8
381,Omen,@situation,1,,
1133,Ontogeny,@transition,1,,
828,Openness,@relation,1,,
59,Operate_vehicle,@entity,0.95,@relation,0.8
1095,Operate_vehicle_scenario,@situation,1,,
664,Operating_a_system,@entity,0.95,@relation,0.8
604,Operational_testing,@entity,0.95,@relation,0.75
644,Opinion,@pragmatic,1,,
1011,Opportunity,@situation,1,,
995,Optical_image,@entity,1,@relation,0.8
549,Ordinal_numbers,@entity,1,,
1560,Organização_da_conversa,@relation,1,,
627,Organization,@entity,0.95,,
1561,Organization_of_conversation,@pragmatic,1,,
535,Origin,@entity,1,,
916,Others_situation_as_stimulus,@experience,0.95,,
937,Out_of_existence,@entity,1,,
441,Pardon,@relation,1,,
321,Partiality,@relation,0.95,@situation,0.4
546,Participation,@relation,0.95,,
501,Partitive,@relation,1,,
302,Part_edge,@relation,1,,
299,Part_inner_outer,@relation,0.95,,
303,Part_ordered_segments,@entity,0.95,,
131,Part_orientational,@relation,1,,
130,Part_piece,@entity,1,,
128,Part_whole,@entity,1,,
927,Passing,@eventive,1,@transition,0.9
763,Passing_off,@causative,0.95,@entity,0.4
1475,Pathogen,ERROR,,,
55,Path_shape,@situation,0.95,,
713,Path_traveled,@entity,1,,
1076,Patrolling,@transition,0.95,,
947,Pattern,@relation,1,,
1214,Pay_collect_touristic_services,@eventive,0.95,,
278,People,@entity,1,,
695,People_along_political_spectrum,@entity,1,,
492,People_by_age,@entity,1,,
1486,People_by_criminal_framing,ERROR,,,
1429,People_by_ethnicity,@entity,1,,
1451,People_by_gender_or_sexual_orientation,@entity,1,,
1469,People_by_health_condition,ERROR,,,
508,People_by_jurisdiction,@entity,1,,
1338,People_by_leisure_activity,@entity,1,,
1113,People_by_military_specialty,@entity,1,,
534,People_by_morality,@entity,1,,
493,People_by_origin,@entity,1,,
507,People_by_religion,@entity,1,,
545,People_by_residence,@relation,0.95,,
1417,People_by_social_framing,@entity,1,,
1430,People_by_transitory_activity,@entity,1,,
1487,People_by_transitory_state,ERROR,,,
524,People_by_vocation,@entity,1,,
1591,People_with_disabilities,@entity,1,@relation,0.8
4,Perception,@experience,1,,
60,Perception_active,@experience,1,,
62,Perception_body,@experience,0.95,@entity,0.4
64,Perception_experience,@experience,1,,
525,Performers,@entity,1,,
382,Performers_and_roles,@entity,0.95,@relation,0.4
374,Performing_arts,@relation,1,,
1433,Personality_traits,@attribute,1,,
1485,Personal_protective_equipment,ERROR,,,
93,Personal_relationship,@relation,1,,
1018,Personal_success,@entity,0.95,@relation,0.4
1595,Person_deixis,@pragmatic,1,,
1570,Phenomenon,@situation,1,,
756,Physical_artworks,@entity,1,,
276,Physical_entity,@entity,1,,
112,Piracy,@situation,1,,
56,Placing,@relation,1,,
1006,Placing_scenario,@situation,1,,
1049,Planned_trajectory,@transition,0.95,,
1254,Planning_by_tourist,@entity,1,@relation,0.8
894,Planting,@eventive,1,@entity,0.8
1187,Plants,@entity,1,,
1533,Playing,ERROR,,,
727,Point_of_dispute,@relation,1,,
1264,Police,@entity,1,,
1032,Political_actions,@eventive,0.95,@relation,0.4
175,Political_locales,@entity,1,,
1015,Popularity,@attribute,0.95,,
762,Posing_as,@entity,1,@relation,0.8
88,Position_on_a_scale,@attribute,1,,
107,Possession,@relation,1,,
941,Possibility,@situation,0.95,,
13,Posture,@entity,1,,
578,Post_getting,@transition,1,,
580,Post_giving,@transition,1,,
186,Post_lose_possession,@transition,1,,
575,Post_receiving,@stative,0.95,,
582,Post_transfer,@transition,0.95,,
484,Practice,@transition,0.95,,
368,Praiseworthiness,@relation,0.95,,
1064,Prank,@pragmatic,1,,
1136,Precariousness,@situation,0.95,,
287,Precipitation,@situation,1,,
274,Predicament,@experience,0.95,@situation,0.8
394,Predicting,@eventive,0.95,@experience,0.4
742,Preference,@experience,0.95,@entity,0.2
1198,Preferred_alternative_scenario,@situation,1,,
865,Preliminaries,@entity,0.95,@transition,0.6
1236,Preliminary_stage,@eventive,0.95,@relation,0.4
859,Presence,@entity,1,@situation,0.8
1394,Presentation_of_mitigation,@relation,0.95,,
1601,Preserve,@causative,1,,
311,Preserving_materials,@causative,0.95,,
262,Prevarication,@relation,1,,
1395,Preventing_or_letting,@situation,1,,
1396,Prevent_or_allow_possession,@experience,0.95,@relation,0.4
576,Pre_getting,@stative,1,,
579,Pre_giving,@transition,1,,
185,Pre_lose_possession,@relation,1,,
574,Pre_receiving,@entity,1,,
581,Pre_transfer,@entity,1,@relation,0.8
1023,Price_per_unit,@attribute,1,,
357,Prison,@entity,1,,
1012,Probability,@attribute,0.95,,
209,Process,@situation,1,,
435,Processing_materials,@causative,0.95,,
210,Process_completed_state,@stative,1,,
133,Process_continue,@eventive,1,,
208,Process_end,@transition,1,,
138,Process_initial_state,@transition,1,,
795,Process_pause,@transition,1,,
136,Process_resume,@eventive,1,,
122,Process_start,@transition,1,,
132,Process_stop,@eventive,0.95,@transition,0.6
139,Process_stopped_state,@stative,1,,
794,Process_uncompleted_state,@stative,1,,
1202,Procreative_sex,@eventive,0.95,@relation,0.4
700,Product_delivery,@entity,1,@relation,0.8
1132,Product_development,@entity,1,@relation,0.8
1131,Product_development_scenario,@situation,1,,
1041,Product_line,@entity,1,,
1397,Progression,@transition,0.95,@entity,0.8
1398,Prohibiting_or_licensing,@relation,1,,
559,Project,@entity,1,,
718,Proliferating_in_number,@transition,0.95,@attribute,0.4
651,Prominence,@attribute,0.95,,
710,Proper_reference,@relation,1,,
1024,Proportion,@relation,1,,
860,Proportional_quantity,@attribute,1,,
743,Protecting,@relation,0.95,,
1065,Protest,@experience,0.95,@relation,0.4
855,Provide_lodging,@entity,1,@relation,0.8
896,Proximity_image_schema,@situation,1,,
724,Public_services,@entity,1,@relation,0.8
1081,Publishing,@eventive,0.95,@relation,0.4
930,Punctual_perception,@experience,0.95,,
417,Purpose,@transition,0.95,,
1166,Putting_out_fire,@causative,0.95,,
1549,Quality,ERROR,,,
170,Quantified_mass,@entity,1,,
1075,Quantity,@attribute,1,,
447,Quarreling,@relation,1,,
34,Questioning,@relation,1,,
1608,Question_self-answered,@pragmatic,1,,
297,Quitting,@eventive,0.95,@transition,0.8
749,Quitting_a_place,@transition,0.95,,
992,Race_descriptor,@entity,1,,
1596,Raising,@relation,1,,
623,Range,@relation,0.95,@situation,0.4
631,Rank,@entity,1,,
682,Ranked_expectation,@attribute,1,,
116,Rape,@experience,1,@eventive,0.8
709,Rashness,@eventive,0.95,@experience,0.4
1019,Rate_description,@attribute,1,@transition,0.8
1020,Rate_quantification,@eventive,0.95,@attribute,0.4
624,Ratification,@relation,0.95,,
1180,Reading_activity,@eventive,0.95,@entity,0.8
971,Reading_aloud,@entity,1,@relation,0.8
254,Reading_perception,@eventive,0.95,,
418,Reason,@relation,1,,
282,Reasoning,@relation,1,,
632,Reassuring,@experience,1,,
1062,Rebellion,@eventive,0.95,@causative,0.8
879,Receive_visitor_scenario,@situation,1,,
380,Receiving,@relation,1,,
573,Receiving_scenario,@situation,1,,
5,Reciprocality,@relation,1,,
733,Recording,@eventive,1,@attribute,0.8
1122,Records,@entity,0.95,@relation,0.4
45,Recovery,@entity,1,,
679,Redirecting,@transition,0.95,,
1279,Referees,@entity,1,,
1318,Referee_actions,@entity,1,@relation,0.8
861,Reference_text,@relation,0.95,,
1581,Reference_universe,@situation,1,,
596,Referring_by_name,@entity,0.95,@relation,0.4
701,Reforming_a_system,@transition,0.95,,
642,Regard,@relation,1,,
905,Region_with_portal,@situation,1,,
1436,Reject_leadership,@transition,0.95,,
732,Rejuvenation,@transition,0.95,@causative,0.8
924,Relating_concepts,@relation,1,,
224,Relation,@relation,1,,
1086,Relational_location,@relation,1,,
659,Relational_natural_features,@relation,1,,
833,Relational_political_locales,@relation,1,,
1022,Relational_quantity,@relation,0.95,,
775,Relation_between_individuals,@relation,1,,
75,Relative_time,@transition,0.95,,
289,Releasing,@causative,0.95,,
781,Releasing_from_custody,@eventive,0.95,@transition,0.4
477,Reliance,@relation,0.95,,
478,Reliance_on_expectation,@relation,1,,
506,Religious_belief,@stative,0.95,,
514,Remainder,@entity,0.95,@situation,0.6
591,Remembering_experience,@experience,0.95,@entity,0.8
589,Remembering_information,@stative,0.95,,
590,Remembering_to_do,@eventive,0.95,@experience,0.8
57,Removing,@transition,0.95,@causative,0.8
812,Removing_scenario,@situation,1,,
385,Render_nonfunctional,@causative,0.95,,
785,Renting,@entity,1,@relation,0.8
786,Renting_out,@entity,1,,
593,Renunciation,@relation,0.95,,
1589,Repairing,@entity,1,,
369,Reparation,@causative,0.95,,
1013,Repayment,@relation,1,,
904,Repel,@experience,1,@transition,0.8
538,Replacing,@transition,1,,
405,Reporting,@relation,1,,
1120,Representative,@relation,1,,
957,Representing,@entity,1,,
35,Request,@relation,1,,
1134,Request_entity,@entity,1,,
635,Required_event,@transition,0.95,,
661,Requirement_scenario,@situation,1,,
1185,Rescuing,@causative,0.95,@entity,0.4
553,Research,@entity,0.95,@relation,0.4
1121,Reserving,@eventive,0.95,@relation,0.6
316,Reshaping,@transition,0.95,@causative,0.6
100,Residence,@entity,0.95,@relation,0.4
678,Resolve_problem,@causative,0.95,,
739,Respond_to_proposal,@relation,1,,
605,Response,@eventive,0.95,@causative,0.75
975,Response_scenario,@situation,1,,
1102,Responsibility,@causative,0.95,,
499,Rest,@relation,1,,
1399,Result_of_attempt_scenario,@situation,1,,
645,Resurrection,@transition,1,,
1163,Retaining,@entity,1,,
548,Reveal_secret,@relation,0.95,,
319,Revenge,@causative,0.95,@experience,0.4
1063,Revolution,@causative,0.95,@transition,0.4
194,Rewards_and_punishments,@causative,0.95,,
443,Ride_vehicle,@transition,0.95,,
650,Rising_to_a_challenge,@transition,0.95,,
792,Risky_situation,@situation,1,,
793,Risk_scenario,@situation,1,,
275,Rite,@entity,0.95,@relation,0.4
183,Roadways,@entity,0.95,,
91,Robbery,@situation,1,,
222,Rope_manipulation,@entity,1,@relation,0.8
312,Rotting,@transition,1,,
348,Run_risk,@experience,0.95,,
1130,Sacrificing_for,@transition,0.95,,
1343,Sanctions,@relation,0.95,,
977,Satisfying,@relation,0.95,,
722,Scarcity,@attribute,0.95,,
1580,Scenario,@situation,1,,
1182,Scheduling,@transition,1,,
1508,School_Supplies,ERROR,,,
864,Scope,@relation,1,,
600,Scouring,@transition,0.95,@entity,0.4
770,Scrutinizing_for,@experience,1,,
25,Scrutiny,@experience,0.95,,
771,Searching_scenario,@situation,1,,
547,Secrecy_status,@situation,0.95,,
244,Seeking,@entity,1,@relation,0.8
655,Seeking_to_achieve,@transition,0.95,,
1055,See_through,@experience,0.95,@relation,0.4
1609,Self-positioning,@pragmatic,1,,
1097,Self_control,@experience,0.95,@transition,0.4
58,Self_motion,@transition,1,,
219,Sending,@eventive,0.95,@transition,0.8
65,Sensation,@experience,0.95,@entity,0.4
271,Sentencing,@eventive,0.95,@relation,0.6
728,Sent_items,@entity,1,,
10,Separating,@transition,0.95,,
948,Sequence,@relation,1,,
1541,Service_client_supplier_interaction,ERROR,,,
1039,Serving_in_capacity,@entity,1,@relation,0.8
1174,Setting_back_burn,@eventive,0.95,@causative,0.75
258,Setting_fire,@eventive,0.95,@causative,0.6
751,Setting_out,@entity,1,,
734,Set_of_interrelated_entities,@entity,1,,
818,Set_relation,@relation,1,,
421,Severity_of_offense,@relation,1,,
1201,Sex,@eventive,0.95,,
1204,Sexual_reproduction_scenario,@situation,1,,
489,Shaped_part,@entity,1,,
300,Shapes,@entity,1,,
1164,Sharing,@relation,1,,
601,Sharpness,@attribute,1,,
784,Shooting_scenario,@situation,1,,
264,Shoot_projectiles,@eventive,0.95,@causative,0.8
832,Shopping,@entity,1,@relation,0.8
961,Short_selling,@relation,1,,
648,Sidereal_appearance,@transition,0.95,,
397,Sign,@relation,1,,
552,Sign_agreement,@relation,0.95,,
260,Silencing,@causative,0.95,,
403,Similarity,@relation,0.95,,
597,Simple_name,@entity,1,,
598,Simple_naming,@relation,1,,
841,Simultaneity,@relation,1,,
1000,Size,@attribute,0.95,,
239,Sleep,@stative,1,,
268,Sleep_wake_cycle,@stative,0.95,,
158,Smuggling,@eventive,0.95,@entity,0.4
305,Soaking,@eventive,0.95,@transition,0.4
909,Soaking_up,@transition,1,,
68,Sociability,@entity,1,,
935,Socially_significant_history_scenario,@situation,1,,
340,Social_behavior_evaluation,@relation,1,,
228,Social_connection,@relation,0.95,,
1105,Social_desirability,@attribute,1,,
1577,Social_entity,@entity,1,,
114,Social_event,@eventive,0.95,@relation,0.4
999,Social_event_collective,@relation,1,,
998,Social_event_individuals,@relation,1,,
342,Social_interaction_evaluation,@relation,0.95,@attribute,0.8
327,Sole_instance,@entity,1,,
470,Sounds,@situation,0.95,,
959,Sound_level,@attribute,1,,
471,Sound_movement,@situation,0.95,,
620,Source_of_getting,@relation,1,,
562,Source_path_goal,@situation,1,,
1197,Spatial_co-location,@relation,1,,
1191,Spatial_contact,@relation,0.95,,
426,Speak_on_topic,@relation,1,,
1110,Specific_individual,@entity,1,,
487,Speed_description,@attribute,1,,
526,Spelling_and_pronouncing,@relation,0.95,@entity,0.4
1349,Sports,@entity,1,,
1358,Sports_disciplines,@entity,1,,
1327,Sports_equipment,@entity,1,,
1328,Sports_event,@eventive,0.95,,
1355,Sports_scenario,@situation,1,,
1324,Sports_temporal_subdivision,@situation,0.95,,
1342,Sports_venues,@entity,1,,
1364,Sports_venues_subparts,@entity,1,,
615,Stage_of_progress,@entity,1,,
1090,Standing_by,@situation,0.95,,
137,State,@stative,1,,
37,Statement,@relation,1,,
556,State_continue,@stative,1,,
719,State_of_entity,@stative,0.95,,
1576,State_of_process,@stative,1,,
1574,Stative_configuration,@stative,1,,
1573,Stative_location,@stative,1,,
41,Stimulate_emotion,@experience,1,,
336,Stimulus_focus,@relation,0.95,,
451,Stinginess,@attribute,0.95,,
669,Store,@entity,1,@relation,0.8
689,Storing,@entity,1,@relation,0.8
69,Strictness,@attribute,0.95,,
1510,Student_body,ERROR,,,
539,Studying,@entity,1,@relation,0.8
82,Suasion,@experience,0.95,,
1572,Subjective_experience,@experience,1,,
527,Subjective_influence,@experience,0.95,@relation,0.4
1575,Subjective_state,@stative,1,,
1003,Subjective_temperature,@experience,1,,
676,Submitting_documents,@relation,0.95,,
427,Subordinates_and_superiors,@relation,1,,
1045,Subsisting,@entity,1,@situation,0.8
611,Substance,@entity,1,,
355,Substance_by_phase,@entity,1,,
532,Subversion,@causative,0.95,@transition,0.6
752,Successfully_communicate_message,@relation,0.95,@entity,0.6
639,Successful_action,@eventive,0.95,@causative,0.8
638,Success_or_failure,@eventive,0.95,@experience,0.6
314,Sufficiency,@relation,1,,
1103,Suicide_attack,@eventive,0.95,@causative,0.6
339,Suitability,@relation,0.95,,
780,Summarizing,@pragmatic,1,,
1460,Supernatural_entity,@entity,1,,
619,Supply,@relation,1,,
883,Supporting,@relation,1,,
330,Surpassing,@relation,1,,
410,Surrendering,@entity,1,@relation,0.8
667,Surrendering_possession,@causative,0.95,@eventive,0.8
1199,Surrounding,@situation,1,,
801,Surviving,@transition,0.95,@experience,0.4
411,Suspicion,@experience,0.95,@relation,0.4
204,Symmetrical_collective_reciprocality,@relation,1,,
1464,Symptoms,ERROR,,,
729,System,@entity,0.95,,
1025,System_complexity,@attribute,0.95,,
1480,Take_a_medical_exam,ERROR,,,
566,Take_place_of,@transition,0.95,@entity,0.4
379,Taking,@eventive,1,@causative,0.8
1107,Taking_captive,@causative,0.95,,
609,Taking_sides,@relation,0.95,,
488,Taking_time,@eventive,0.95,@transition,0.4
83,Talking_into,@relation,1,,
1009,Tasting,@experience,1,,
1588,Tax,@entity,1,,
1518,Teaching_learning_process,ERROR,,,
1511,Teaching_resource,ERROR,,,
1173,Team,@entity,0.95,,
456,Telling,@relation,1,,
517,Temperature,@attribute,1,,
840,Temporal_collocation,@relation,1,,
1599,Temporal_deixis,@situation,1,,
515,Temporal_pattern,@transition,1,,
654,Temporal_subregion,@entity,1,@situation,0.8
1066,Temporary_group,@entity,0.95,,
1139,Temporary_leave,@transition,0.95,,
835,Temporary_stay,@entity,1,@relation,0.8
1159,Temporary_transfer_scenario,@situation,1,,
680,Terms_of_agreement,@relation,0.95,,
790,Terrorism,@experience,0.95,@causative,0.8
1491,test,ERROR,,,
272,Text,@entity,1,,
1503,Textuality-attributes,ERROR,,,
1497,Textual_Genre,ERROR,,,
253,Text_creation,@entity,1,,
1606,Text_structuring,@pragmatic,1,,
1519,Text_subpart,ERROR,,,
87,Theft,@eventive,1,@relation,0.8
1044,Thermodynamic_phase,@attribute,0.95,,
1558,Threatening,@causative,1,,
797,Thriving,@stative,1,,
422,Thwarting,@transition,1,,
954,Timespan,@entity,0.95,,
1186,Timetable,@entity,1,,
1004,Time_period_of_action,@transition,1,,
1568,Time_relation,@relation,0.95,,
349,Time_vector,@eventive,0.95,@transition,0.7
945,Tolerating,@experience,1,,
1145,Tool_purpose,@relation,1,,
343,Topic,@relation,1,,
1607,Topic_indication_heading,@pragmatic,1,,
849,Touring,@entity,1,@relation,0.8
1228,Tourism_scenario,@situation,1,,
1226,Tourism_scenario_departure,@situation,1,,
1227,Tourism_scenario_preparation,@situation,1,,
1225,Tourism_scenario_stay,@situation,1,,
1255,Touristic_service,@entity,0.95,@relation,0.4
1259,Tourist_activities,@entity,0.95,@relation,0.4
1278,Tourist_departure_locality,@entity,1,@transition,0.8
1424,Tourist_departure_lodging,@eventive,0.95,@relation,0.4
1222,Tourist_potential,@entity,0.95,@relation,0.4
1210,Tourist_service_buy,@eventive,0.95,,
1215,Tourist_service_collect,@eventive,0.95,@relation,0.4
1213,Tourist_service_pay,@eventive,1,@relation,0.8
1263,Tourist_service_reserve,@entity,1,@relation,0.8
1211,Tourist_service_sell,@relation,1,@eventive,0.8
1212,Tourist_service_transaction,@entity,0.95,@relation,0.8
563,Toxic_substance,@causative,0.95,,
1431,Toys,@entity,1,,
1489,Trafficking,ERROR,,,
160,Transfer,@eventive,1,@relation,0.8
585,Transfer_scenario,@situation,1,,
1400,Transition_to_a_quality,@transition,1,,
1401,Transition_to_a_situation,@transition,1,,
1402,Transition_to_a_state,@transition,1,,
6,Transitive_action,@causative,1,,
750,Translating,@relation,1,,
1231,Transportation,@entity,0.95,@relation,0.4
1096,Transportation_status,@entity,1,,
1059,Trap,@causative,0.95,,
315,Travel,@transition,0.95,@entity,0.8
610,Traversing,@transition,0.95,,
1158,Treating_and_mistreating,@relation,1,,
834,Trendiness,@attribute,1,,
181,Trial,@eventive,0.95,@relation,0.4
1060,Triggering,@causative,0.95,,
787,Trust,@relation,1,,
1010,Trying_out,@experience,0.95,@transition,0.4
292,Try_defendant,@relation,1,@eventive,0.8
1559,"Turn passing",@pragmatic,1,,
962,Turning_out,@stative,0.95,,
1564,Turn_confirmation,@pragmatic,1,,
1562,Turn_keeping,@pragmatic,1,,
1563,Turn_taking,@pragmatic,1,,
117,Type,@entity,0.95,,
543,Typicality,@attribute,0.95,,
555,Unattributed_information,@situation,1,,
782,Undergoing,@transition,1,,
1403,Undergoing_scenario,@situation,1,,
567,Undergo_change,@transition,1,,
1404,Undergo_transformation,@transition,1,,
587,Undressing,@eventive,0.95,@transition,0.6
725,Unemployment_rate,@attribute,0.95,,
1463,Urban_furniture,ERROR,,,
681,Used_up,@eventive,0.95,@transition,0.6
453,Usefulness,@entity,1,,
265,Use_firearm,@causative,0.95,,
776,Use_vehicle,@entity,1,,
544,Using,@eventive,1,,
1030,Using_resource,@entity,1,@relation,0.8
1426,Utensils,@entity,1,,
398,Vehicle,@entity,1,,
1088,Vehicle_departure_initial_stage,@entity,1,,
1093,Vehicle_landing,@transition,0.95,,
1021,Vehicle_subpart,@entity,1,,
290,Verdict,@eventive,0.95,@relation,0.4
592,Verification,@experience,0.95,@relation,0.4
881,Version_sequence,@transition,1,,
1085,Victim_operated_IED,@entity,1,@relation,0.8
1126,Violence,@causative,0.95,,
851,Visiting,@entity,0.95,@relation,0.4
870,Visiting_scenario,@situation,1,,
872,Visiting_scenario_arrival,@situation,1,,
873,Visiting_scenario_departing,@situation,1,,
874,Visiting_scenario_stay,@situation,1,,
871,Visitor_and_host,@relation,1,,
853,Visitor_arrival,@entity,1,@relation,0.8
854,Visitor_departure,@transition,1,,
852,Visitor_scenario,@situation,1,,
869,Visit_host,@transition,0.95,@entity,0.4
876,Visit_host_arrival,@entity,1,@relation,0.8
878,Visit_host_departure,@entity,1,@relation,0.8
877,Visit_host_stay,@entity,1,@relation,0.8
1472,Vital_signs,ERROR,,,
820,Vocalizations,@attribute,1,,
38,Volubility,@attribute,0.95,,
984,Wagering,@eventive,0.95,@relation,0.6
692,Waiting,@transition,0.95,,
269,Waking_up,@transition,1,,
413,Want_suspect,@entity,1,,
1153,Warning,@eventive,0.95,@relation,0.4
707,Waver_between_options,@transition,0.95,,
79,Wealthiness,@entity,1,,
395,Weapon,@entity,1,,
146,Wearing,@entity,1,,
277,Weather,@situation,1,,
819,Wholes_and_parts,@relation,1,,
744,Willingness,@stative,0.95,,
1359,Winning_moves,@eventive,0.95,,
928,Win_prize,@eventive,0.95,@relation,0.4
674,Withdraw_from_participation,@transition,0.95,,
652,Within_distance,@relation,0.95,,
373,Word_relations,@relation,1,,
837,Work,@eventive,0.95,@causative,0.8
1074,Working_a_post,@entity,1,@relation,0.8
1434,Worry,@experience,0.95,,
